year,population,zip_code
2011,16585,ZCTA5 99501
2011,24061,ZCTA5 99502
2011,13604,ZCTA5 99503
2011,39662,ZCTA5 99504
2011,6859,ZCTA5 99505
2011,6655,ZCTA5 99506
2011,38769,ZCTA5 99507
2011,36048,ZCTA5 99508
2011,339,ZCTA5 99510
2011,0,ZCTA5 99513
2011,22033,ZCTA5 99515
2011,20125,ZCTA5 99516
2011,15635,ZCTA5 99517
2011,10654,ZCTA5 99518
2011,432,ZCTA5 99519
2011,224,ZCTA5 99540
2011,124,ZCTA5 99546
2011,60,ZCTA5 99547
2011,83,ZCTA5 99548
2011,75,ZCTA5 99549
2011,251,ZCTA5 99550
2011,644,ZCTA5 99551
2011,331,ZCTA5 99552
2011,946,ZCTA5 99553
2011,533,ZCTA5 99554
2011,254,ZCTA5 99555
2011,2671,ZCTA5 99556
2011,721,ZCTA5 99557
2011,102,ZCTA5 99558
2011,7571,ZCTA5 99559
2011,451,ZCTA5 99561
2011,943,ZCTA5 99563
2011,142,ZCTA5 99564
2011,77,ZCTA5 99565
2011,218,ZCTA5 99566
2011,8610,ZCTA5 99567
2011,118,ZCTA5 99568
2011,63,ZCTA5 99569
2011,55,ZCTA5 99571
2011,531,ZCTA5 99572
2011,788,ZCTA5 99573
2011,2475,ZCTA5 99574
2011,148,ZCTA5 99575
2011,2535,ZCTA5 99576
2011,26143,ZCTA5 99577
2011,204,ZCTA5 99578
2011,25,ZCTA5 99579
2011,161,ZCTA5 99580
2011,823,ZCTA5 99581
2011,15,ZCTA5 99583
2011,362,ZCTA5 99585
2011,682,ZCTA5 99586
2011,1726,ZCTA5 99587
2011,1033,ZCTA5 99588
2011,372,ZCTA5 99589
2011,215,ZCTA5 99590
2011,118,ZCTA5 99591
2011,202,ZCTA5 99602
2011,9378,ZCTA5 99603
2011,1270,ZCTA5 99604
2011,141,ZCTA5 99605
2011,371,ZCTA5 99606
2011,231,ZCTA5 99607
2011,555,ZCTA5 99609
2011,2075,ZCTA5 99610
2011,15455,ZCTA5 99611
2011,844,ZCTA5 99612
2011,432,ZCTA5 99613
2011,553,ZCTA5 99614
2011,12609,ZCTA5 99615
2011,565,ZCTA5 99620
2011,672,ZCTA5 99621
2011,275,ZCTA5 99622
2011,78,ZCTA5 99624
2011,89,ZCTA5 99625
2011,286,ZCTA5 99626
2011,474,ZCTA5 99627
2011,383,ZCTA5 99628
2011,177,ZCTA5 99630
2011,256,ZCTA5 99631
2011,758,ZCTA5 99632
2011,586,ZCTA5 99633
2011,358,ZCTA5 99634
2011,518,ZCTA5 99636
2011,682,ZCTA5 99637
2011,40,ZCTA5 99638
2011,691,ZCTA5 99639
2011,223,ZCTA5 99640
2011,416,ZCTA5 99641
2011,221,ZCTA5 99643
2011,329,ZCTA5 99644
2011,24754,ZCTA5 99645
2011,18,ZCTA5 99647
2011,104,ZCTA5 99648
2011,42,ZCTA5 99649
2011,493,ZCTA5 99650
2011,44,ZCTA5 99651
2011,4029,ZCTA5 99652
2011,203,ZCTA5 99653
2011,50944,ZCTA5 99654
2011,645,ZCTA5 99655
2011,20,ZCTA5 99656
2011,357,ZCTA5 99657
2011,651,ZCTA5 99658
2011,367,ZCTA5 99659
2011,716,ZCTA5 99660
2011,1224,ZCTA5 99661
2011,543,ZCTA5 99662
2011,397,ZCTA5 99663
2011,5392,ZCTA5 99664
2011,94,ZCTA5 99665
2011,175,ZCTA5 99666
2011,24,ZCTA5 99667
2011,80,ZCTA5 99668
2011,13775,ZCTA5 99669
2011,68,ZCTA5 99670
2011,572,ZCTA5 99671
2011,3466,ZCTA5 99672
2011,1261,ZCTA5 99674
2011,1245,ZCTA5 99676
2011,58,ZCTA5 99677
2011,931,ZCTA5 99678
2011,454,ZCTA5 99679
2011,358,ZCTA5 99680
2011,367,ZCTA5 99681
2011,372,ZCTA5 99682
2011,484,ZCTA5 99683
2011,692,ZCTA5 99684
2011,4110,ZCTA5 99685
2011,3956,ZCTA5 99686
2011,2656,ZCTA5 99688
2011,633,ZCTA5 99689
2011,336,ZCTA5 99690
2011,63,ZCTA5 99691
2011,47,ZCTA5 99692
2011,238,ZCTA5 99693
2011,1342,ZCTA5 99694
2011,0,ZCTA5 99695
2011,18651,ZCTA5 99701
2011,2814,ZCTA5 99702
2011,6548,ZCTA5 99703
2011,20,ZCTA5 99704
2011,22224,ZCTA5 99705
2011,0,ZCTA5 99706
2011,31289,ZCTA5 99709
2011,12482,ZCTA5 99712
2011,1152,ZCTA5 99714
2011,154,ZCTA5 99720
2011,407,ZCTA5 99721
2011,84,ZCTA5 99722
2011,4154,ZCTA5 99723
2011,77,ZCTA5 99724
2011,54,ZCTA5 99726
2011,483,ZCTA5 99727
2011,168,ZCTA5 99729
2011,159,ZCTA5 99730
2011,0,ZCTA5 99732
2011,61,ZCTA5 99733
2011,233,ZCTA5 99734
2011,68,ZCTA5 99736
2011,4796,ZCTA5 99737
2011,138,ZCTA5 99738
2011,363,ZCTA5 99739
2011,540,ZCTA5 99740
2011,526,ZCTA5 99741
2011,747,ZCTA5 99742
2011,937,ZCTA5 99743
2011,383,ZCTA5 99744
2011,80,ZCTA5 99745
2011,273,ZCTA5 99746
2011,393,ZCTA5 99747
2011,187,ZCTA5 99748
2011,347,ZCTA5 99749
2011,377,ZCTA5 99750
2011,95,ZCTA5 99751
2011,3650,ZCTA5 99752
2011,329,ZCTA5 99753
2011,110,ZCTA5 99754
2011,262,ZCTA5 99755
2011,74,ZCTA5 99756
2011,0,ZCTA5 99757
2011,184,ZCTA5 99758
2011,314,ZCTA5 99759
2011,856,ZCTA5 99760
2011,525,ZCTA5 99761
2011,3854,ZCTA5 99762
2011,648,ZCTA5 99763
2011,395,ZCTA5 99764
2011,276,ZCTA5 99765
2011,1139,ZCTA5 99766
2011,38,ZCTA5 99767
2011,221,ZCTA5 99768
2011,701,ZCTA5 99769
2011,703,ZCTA5 99770
2011,245,ZCTA5 99771
2011,659,ZCTA5 99772
2011,376,ZCTA5 99773
2011,65,ZCTA5 99774
2011,892,ZCTA5 99775
2011,101,ZCTA5 99776
2011,303,ZCTA5 99777
2011,311,ZCTA5 99778
2011,1717,ZCTA5 99780
2011,138,ZCTA5 99781
2011,764,ZCTA5 99782
2011,118,ZCTA5 99783
2011,159,ZCTA5 99784
2011,326,ZCTA5 99785
2011,260,ZCTA5 99786
2011,50,ZCTA5 99788
2011,564,ZCTA5 99789
2011,62,ZCTA5 99790
2011,325,ZCTA5 99791
2011,29056,ZCTA5 99801
2011,427,ZCTA5 99820
2011,2188,ZCTA5 99824
2011,64,ZCTA5 99825
2011,454,ZCTA5 99826
2011,2632,ZCTA5 99827
2011,774,ZCTA5 99829
2011,470,ZCTA5 99830
2011,113,ZCTA5 99832
2011,3278,ZCTA5 99833
2011,8879,ZCTA5 99835
2011,83,ZCTA5 99836
2011,1105,ZCTA5 99840
2011,77,ZCTA5 99841
2011,13458,ZCTA5 99901
2011,32,ZCTA5 99903
2011,75,ZCTA5 99918
2011,534,ZCTA5 99919
2011,2100,ZCTA5 99921
2011,431,ZCTA5 99922
2011,116,ZCTA5 99923
2011,689,ZCTA5 99925
2011,1488,ZCTA5 99926
2011,67,ZCTA5 99927
2011,2321,ZCTA5 99929
2011,525,ZCTA5 99761
2011,3854,ZCTA5 99762
2011,648,ZCTA5 99763
2011,395,ZCTA5 99764
2011,276,ZCTA5 99765
2011,1139,ZCTA5 99766
2011,38,ZCTA5 99767
2011,221,ZCTA5 99768
2011,701,ZCTA5 99769
2011,703,ZCTA5 99770
2011,245,ZCTA5 99771
2011,659,ZCTA5 99772
2011,376,ZCTA5 99773
2011,65,ZCTA5 99774
2011,892,ZCTA5 99775
2011,101,ZCTA5 99776
2011,303,ZCTA5 99777
2011,311,ZCTA5 99778
2011,1717,ZCTA5 99780
2011,138,ZCTA5 99781
2011,764,ZCTA5 99782
2011,118,ZCTA5 99783
2011,159,ZCTA5 99784
2011,326,ZCTA5 99785
2011,260,ZCTA5 99786
2011,50,ZCTA5 99788
2011,564,ZCTA5 99789
2011,62,ZCTA5 99790
2011,325,ZCTA5 99791
2011,29056,ZCTA5 99801
2011,427,ZCTA5 99820
2011,2188,ZCTA5 99824
2011,64,ZCTA5 99825
2011,454,ZCTA5 99826
2011,2632,ZCTA5 99827
2011,774,ZCTA5 99829
2011,470,ZCTA5 99830
2011,113,ZCTA5 99832
2011,3278,ZCTA5 99833
2011,8879,ZCTA5 99835
2011,83,ZCTA5 99836
2011,1105,ZCTA5 99840
2011,77,ZCTA5 99841
2011,13458,ZCTA5 99901
2011,32,ZCTA5 99903
2011,75,ZCTA5 99918
2011,534,ZCTA5 99919
2011,2100,ZCTA5 99921
2011,431,ZCTA5 99922
2011,116,ZCTA5 99923
2011,689,ZCTA5 99925
2011,1488,ZCTA5 99926
2011,67,ZCTA5 99927
2011,2321,ZCTA5 99929
2012,16693,ZCTA5 99501
2012,24122,ZCTA5 99502
2012,14242,ZCTA5 99503
2012,40786,ZCTA5 99504
2012,6327,ZCTA5 99505
2012,7213,ZCTA5 99506
2012,39010,ZCTA5 99507
2012,35835,ZCTA5 99508
2012,257,ZCTA5 99510
2012,0,ZCTA5 99513
2012,22097,ZCTA5 99515
2012,20818,ZCTA5 99516
2012,15527,ZCTA5 99517
2012,10804,ZCTA5 99518
2012,745,ZCTA5 99519
2012,324,ZCTA5 99540
2012,127,ZCTA5 99546
2012,87,ZCTA5 99547
2012,66,ZCTA5 99548
2012,70,ZCTA5 99549
2012,259,ZCTA5 99550
2012,638,ZCTA5 99551
2012,364,ZCTA5 99552
2012,932,ZCTA5 99553
2012,570,ZCTA5 99554
2012,208,ZCTA5 99555
2012,2694,ZCTA5 99556
2012,701,ZCTA5 99557
2012,94,ZCTA5 99558
2012,7693,ZCTA5 99559
2012,489,ZCTA5 99561
2012,953,ZCTA5 99563
2012,116,ZCTA5 99564
2012,76,ZCTA5 99565
2012,248,ZCTA5 99566
2012,9256,ZCTA5 99567
2012,198,ZCTA5 99568
2012,72,ZCTA5 99569
2012,82,ZCTA5 99571
2012,315,ZCTA5 99572
2012,798,ZCTA5 99573
2012,2548,ZCTA5 99574
2012,152,ZCTA5 99575
2012,2471,ZCTA5 99576
2012,26446,ZCTA5 99577
2012,281,ZCTA5 99578
2012,47,ZCTA5 99579
2012,119,ZCTA5 99580
2012,847,ZCTA5 99581
2012,18,ZCTA5 99583
2012,365,ZCTA5 99585
2012,644,ZCTA5 99586
2012,1975,ZCTA5 99587
2012,980,ZCTA5 99588
2012,353,ZCTA5 99589
2012,186,ZCTA5 99590
2012,88,ZCTA5 99591
2012,183,ZCTA5 99602
2012,9518,ZCTA5 99603
2012,1195,ZCTA5 99604
2012,98,ZCTA5 99605
2012,401,ZCTA5 99606
2012,228,ZCTA5 99607
2012,557,ZCTA5 99609
2012,2240,ZCTA5 99610
2012,15671,ZCTA5 99611
2012,892,ZCTA5 99612
2012,360,ZCTA5 99613
2012,626,ZCTA5 99614
2012,12770,ZCTA5 99615
2012,565,ZCTA5 99620
2012,705,ZCTA5 99621
2012,252,ZCTA5 99622
2012,95,ZCTA5 99624
2012,112,ZCTA5 99625
2012,267,ZCTA5 99626
2012,416,ZCTA5 99627
2012,475,ZCTA5 99628
2012,173,ZCTA5 99630
2012,348,ZCTA5 99631
2012,768,ZCTA5 99632
2012,578,ZCTA5 99633
2012,340,ZCTA5 99634
2012,521,ZCTA5 99636
2012,650,ZCTA5 99637
2012,30,ZCTA5 99638
2012,863,ZCTA5 99639
2012,208,ZCTA5 99640
2012,403,ZCTA5 99641
2012,243,ZCTA5 99643
2012,343,ZCTA5 99644
2012,24992,ZCTA5 99645
2012,26,ZCTA5 99647
2012,98,ZCTA5 99648
2012,71,ZCTA5 99649
2012,510,ZCTA5 99650
2012,53,ZCTA5 99651
2012,4071,ZCTA5 99652
2012,158,ZCTA5 99653
2012,52551,ZCTA5 99654
2012,635,ZCTA5 99655
2012,27,ZCTA5 99656
2012,402,ZCTA5 99657
2012,704,ZCTA5 99658
2012,393,ZCTA5 99659
2012,643,ZCTA5 99660
2012,1190,ZCTA5 99661
2012,534,ZCTA5 99662
2012,449,ZCTA5 99663
2012,5014,ZCTA5 99664
2012,64,ZCTA5 99665
2012,143,ZCTA5 99666
2012,35,ZCTA5 99667
2012,77,ZCTA5 99668
2012,14178,ZCTA5 99669
2012,57,ZCTA5 99670
2012,576,ZCTA5 99671
2012,3423,ZCTA5 99672
2012,1315,ZCTA5 99674
2012,1329,ZCTA5 99676
2012,47,ZCTA5 99677
2012,1021,ZCTA5 99678
2012,433,ZCTA5 99679
2012,409,ZCTA5 99680
2012,312,ZCTA5 99681
2012,465,ZCTA5 99682
2012,604,ZCTA5 99683
2012,743,ZCTA5 99684
2012,4167,ZCTA5 99685
2012,3976,ZCTA5 99686
2012,2834,ZCTA5 99688
2012,570,ZCTA5 99689
2012,343,ZCTA5 99690
2012,47,ZCTA5 99691
2012,95,ZCTA5 99692
2012,222,ZCTA5 99693
2012,1438,ZCTA5 99694
2012,0,ZCTA5 99695
2012,18748,ZCTA5 99701
2012,2628,ZCTA5 99702
2012,6968,ZCTA5 99703
2012,37,ZCTA5 99704
2012,23904,ZCTA5 99705
2012,0,ZCTA5 99706
2012,31235,ZCTA5 99709
2012,11798,ZCTA5 99712
2012,1164,ZCTA5 99714
2012,126,ZCTA5 99720
2012,344,ZCTA5 99721
2012,104,ZCTA5 99722
2012,4224,ZCTA5 99723
2012,88,ZCTA5 99724
2012,64,ZCTA5 99726
2012,527,ZCTA5 99727
2012,180,ZCTA5 99729
2012,122,ZCTA5 99730
2012,0,ZCTA5 99732
2012,74,ZCTA5 99733
2012,831,ZCTA5 99734
2012,87,ZCTA5 99736
2012,5012,ZCTA5 99737
2012,155,ZCTA5 99738
2012,354,ZCTA5 99739
2012,517,ZCTA5 99740
2012,559,ZCTA5 99741
2012,719,ZCTA5 99742
2012,1013,ZCTA5 99743
2012,208,ZCTA5 99744
2012,80,ZCTA5 99745
2012,352,ZCTA5 99746
2012,258,ZCTA5 99747
2012,193,ZCTA5 99748
2012,348,ZCTA5 99749
2012,453,ZCTA5 99750
2012,121,ZCTA5 99751
2012,3596,ZCTA5 99752
2012,340,ZCTA5 99753
2012,112,ZCTA5 99754
2012,359,ZCTA5 99755
2012,92,ZCTA5 99756
2012,16,ZCTA5 99757
2012,239,ZCTA5 99758
2012,301,ZCTA5 99759
2012,976,ZCTA5 99760
2012,465,ZCTA5 99761
2012,3980,ZCTA5 99762
2012,708,ZCTA5 99763
2012,322,ZCTA5 99764
2012,289,ZCTA5 99765
2012,894,ZCTA5 99766
2012,20,ZCTA5 99767
2012,224,ZCTA5 99768
2012,726,ZCTA5 99769
2012,688,ZCTA5 99770
2012,233,ZCTA5 99771
2012,633,ZCTA5 99772
2012,368,ZCTA5 99773
2012,61,ZCTA5 99774
2012,1008,ZCTA5 99775
2012,132,ZCTA5 99776
2012,252,ZCTA5 99777
2012,274,ZCTA5 99778
2012,1569,ZCTA5 99780
2012,160,ZCTA5 99781
2012,645,ZCTA5 99782
2012,108,ZCTA5 99783
2012,164,ZCTA5 99784
2012,337,ZCTA5 99785
2012,240,ZCTA5 99786
2012,59,ZCTA5 99788
2012,487,ZCTA5 99789
2012,58,ZCTA5 99790
2012,290,ZCTA5 99791
2012,29356,ZCTA5 99801
2012,427,ZCTA5 99820
2012,2263,ZCTA5 99824
2012,67,ZCTA5 99825
2012,511,ZCTA5 99826
2012,2629,ZCTA5 99827
2012,760,ZCTA5 99829
2012,413,ZCTA5 99830
2012,110,ZCTA5 99832
2012,3380,ZCTA5 99833
2012,8909,ZCTA5 99835
2012,29,ZCTA5 99836
2012,1050,ZCTA5 99840
2012,138,ZCTA5 99841
2012,13577,ZCTA5 99901
2012,7,ZCTA5 99903
2012,102,ZCTA5 99918
2012,558,ZCTA5 99919
2012,2031,ZCTA5 99921
2012,411,ZCTA5 99922
2012,77,ZCTA5 99923
2012,673,ZCTA5 99925
2012,1624,ZCTA5 99926
2012,75,ZCTA5 99927
2012,2361,ZCTA5 99929
2012,465,ZCTA5 99761
2012,3980,ZCTA5 99762
2012,708,ZCTA5 99763
2012,322,ZCTA5 99764
2012,289,ZCTA5 99765
2012,894,ZCTA5 99766
2012,20,ZCTA5 99767
2012,224,ZCTA5 99768
2012,726,ZCTA5 99769
2012,688,ZCTA5 99770
2012,233,ZCTA5 99771
2012,633,ZCTA5 99772
2012,368,ZCTA5 99773
2012,61,ZCTA5 99774
2012,1008,ZCTA5 99775
2012,132,ZCTA5 99776
2012,252,ZCTA5 99777
2012,274,ZCTA5 99778
2012,1569,ZCTA5 99780
2012,160,ZCTA5 99781
2012,645,ZCTA5 99782
2012,108,ZCTA5 99783
2012,164,ZCTA5 99784
2012,337,ZCTA5 99785
2012,240,ZCTA5 99786
2012,59,ZCTA5 99788
2012,487,ZCTA5 99789
2012,58,ZCTA5 99790
2012,290,ZCTA5 99791
2012,29356,ZCTA5 99801
2012,427,ZCTA5 99820
2012,2263,ZCTA5 99824
2012,67,ZCTA5 99825
2012,511,ZCTA5 99826
2012,2629,ZCTA5 99827
2012,760,ZCTA5 99829
2012,413,ZCTA5 99830
2012,110,ZCTA5 99832
2012,3380,ZCTA5 99833
2012,8909,ZCTA5 99835
2012,29,ZCTA5 99836
2012,1050,ZCTA5 99840
2012,138,ZCTA5 99841
2012,13577,ZCTA5 99901
2012,7,ZCTA5 99903
2012,102,ZCTA5 99918
2012,558,ZCTA5 99919
2012,2031,ZCTA5 99921
2012,411,ZCTA5 99922
2012,77,ZCTA5 99923
2012,673,ZCTA5 99925
2012,1624,ZCTA5 99926
2012,75,ZCTA5 99927
2012,2361,ZCTA5 99929
2013,16521,ZCTA5 99501
2013,24059,ZCTA5 99502
2013,14042,ZCTA5 99503
2013,40824,ZCTA5 99504
2013,6649,ZCTA5 99505
2013,7499,ZCTA5 99506
2013,39015,ZCTA5 99507
2013,36534,ZCTA5 99508
2013,289,ZCTA5 99510
2013,0,ZCTA5 99513
2013,22821,ZCTA5 99515
2013,20781,ZCTA5 99516
2013,16442,ZCTA5 99517
2013,10786,ZCTA5 99518
2013,868,ZCTA5 99519
2013,291,ZCTA5 99540
2013,108,ZCTA5 99546
2013,60,ZCTA5 99547
2013,60,ZCTA5 99548
2013,69,ZCTA5 99549
2013,238,ZCTA5 99550
2013,606,ZCTA5 99551
2013,392,ZCTA5 99552
2013,951,ZCTA5 99553
2013,675,ZCTA5 99554
2013,208,ZCTA5 99555
2013,2742,ZCTA5 99556
2013,728,ZCTA5 99557
2013,99,ZCTA5 99558
2013,7769,ZCTA5 99559
2013,493,ZCTA5 99561
2013,1062,ZCTA5 99563
2013,101,ZCTA5 99564
2013,72,ZCTA5 99565
2013,194,ZCTA5 99566
2013,9544,ZCTA5 99567
2013,197,ZCTA5 99568
2013,84,ZCTA5 99569
2013,101,ZCTA5 99571
2013,227,ZCTA5 99572
2013,816,ZCTA5 99573
2013,2692,ZCTA5 99574
2013,120,ZCTA5 99575
2013,2400,ZCTA5 99576
2013,27158,ZCTA5 99577
2013,349,ZCTA5 99578
2013,55,ZCTA5 99579
2013,139,ZCTA5 99580
2013,858,ZCTA5 99581
2013,15,ZCTA5 99583
2013,344,ZCTA5 99585
2013,623,ZCTA5 99586
2013,2278,ZCTA5 99587
2013,854,ZCTA5 99588
2013,331,ZCTA5 99589
2013,171,ZCTA5 99590
2013,62,ZCTA5 99591
2013,221,ZCTA5 99602
2013,9628,ZCTA5 99603
2013,1222,ZCTA5 99604
2013,119,ZCTA5 99605
2013,376,ZCTA5 99606
2013,231,ZCTA5 99607
2013,532,ZCTA5 99609
2013,2399,ZCTA5 99610
2013,15779,ZCTA5 99611
2013,831,ZCTA5 99612
2013,310,ZCTA5 99613
2013,644,ZCTA5 99614
2013,13009,ZCTA5 99615
2013,572,ZCTA5 99620
2013,702,ZCTA5 99621
2013,317,ZCTA5 99622
2013,74,ZCTA5 99624
2013,123,ZCTA5 99625
2013,297,ZCTA5 99626
2013,429,ZCTA5 99627
2013,588,ZCTA5 99628
2013,190,ZCTA5 99630
2013,464,ZCTA5 99631
2013,760,ZCTA5 99632
2013,600,ZCTA5 99633
2013,364,ZCTA5 99634
2013,563,ZCTA5 99636
2013,671,ZCTA5 99637
2013,39,ZCTA5 99638
2013,912,ZCTA5 99639
2013,192,ZCTA5 99640
2013,420,ZCTA5 99641
2013,229,ZCTA5 99643
2013,300,ZCTA5 99644
2013,26202,ZCTA5 99645
2013,26,ZCTA5 99647
2013,123,ZCTA5 99648
2013,58,ZCTA5 99649
2013,521,ZCTA5 99650
2013,62,ZCTA5 99651
2013,4347,ZCTA5 99652
2013,138,ZCTA5 99653
2013,53456,ZCTA5 99654
2013,596,ZCTA5 99655
2013,32,ZCTA5 99656
2013,360,ZCTA5 99657
2013,678,ZCTA5 99658
2013,385,ZCTA5 99659
2013,675,ZCTA5 99660
2013,1243,ZCTA5 99661
2013,491,ZCTA5 99662
2013,491,ZCTA5 99663
2013,5073,ZCTA5 99664
2013,74,ZCTA5 99665
2013,135,ZCTA5 99666
2013,50,ZCTA5 99667
2013,85,ZCTA5 99668
2013,14572,ZCTA5 99669
2013,57,ZCTA5 99670
2013,591,ZCTA5 99671
2013,3157,ZCTA5 99672
2013,1207,ZCTA5 99674
2013,1392,ZCTA5 99676
2013,62,ZCTA5 99677
2013,941,ZCTA5 99678
2013,418,ZCTA5 99679
2013,376,ZCTA5 99680
2013,277,ZCTA5 99681
2013,403,ZCTA5 99682
2013,591,ZCTA5 99683
2013,699,ZCTA5 99684
2013,4207,ZCTA5 99685
2013,4000,ZCTA5 99686
2013,2663,ZCTA5 99688
2013,569,ZCTA5 99689
2013,331,ZCTA5 99690
2013,66,ZCTA5 99691
2013,155,ZCTA5 99692
2013,244,ZCTA5 99693
2013,1457,ZCTA5 99694
2013,0,ZCTA5 99695
2013,19067,ZCTA5 99701
2013,2584,ZCTA5 99702
2013,7348,ZCTA5 99703
2013,30,ZCTA5 99704
2013,24098,ZCTA5 99705
2013,0,ZCTA5 99706
2013,31376,ZCTA5 99709
2013,11945,ZCTA5 99712
2013,1025,ZCTA5 99714
2013,137,ZCTA5 99720
2013,304,ZCTA5 99721
2013,127,ZCTA5 99722
2013,4303,ZCTA5 99723
2013,98,ZCTA5 99724
2013,38,ZCTA5 99726
2013,577,ZCTA5 99727
2013,195,ZCTA5 99729
2013,124,ZCTA5 99730
2013,0,ZCTA5 99732
2013,103,ZCTA5 99733
2013,1250,ZCTA5 99734
2013,97,ZCTA5 99736
2013,4964,ZCTA5 99737
2013,131,ZCTA5 99738
2013,358,ZCTA5 99739
2013,516,ZCTA5 99740
2013,566,ZCTA5 99741
2013,757,ZCTA5 99742
2013,1109,ZCTA5 99743
2013,188,ZCTA5 99744
2013,61,ZCTA5 99745
2013,336,ZCTA5 99746
2013,208,ZCTA5 99747
2013,196,ZCTA5 99748
2013,391,ZCTA5 99749
2013,448,ZCTA5 99750
2013,130,ZCTA5 99751
2013,3503,ZCTA5 99752
2013,279,ZCTA5 99753
2013,104,ZCTA5 99754
2013,422,ZCTA5 99755
2013,79,ZCTA5 99756
2013,19,ZCTA5 99757
2013,217,ZCTA5 99758
2013,274,ZCTA5 99759
2013,908,ZCTA5 99760
2013,442,ZCTA5 99761
2013,4008,ZCTA5 99762
2013,692,ZCTA5 99763
2013,271,ZCTA5 99764
2013,278,ZCTA5 99765
2013,718,ZCTA5 99766
2013,20,ZCTA5 99767
2013,209,ZCTA5 99768
2013,828,ZCTA5 99769
2013,693,ZCTA5 99770
2013,209,ZCTA5 99771
2013,623,ZCTA5 99772
2013,361,ZCTA5 99773
2013,66,ZCTA5 99774
2013,1146,ZCTA5 99775
2013,116,ZCTA5 99776
2013,261,ZCTA5 99777
2013,267,ZCTA5 99778
2013,1783,ZCTA5 99780
2013,168,ZCTA5 99781
2013,540,ZCTA5 99782
2013,118,ZCTA5 99783
2013,166,ZCTA5 99784
2013,407,ZCTA5 99785
2013,290,ZCTA5 99786
2013,65,ZCTA5 99788
2013,405,ZCTA5 99789
2013,43,ZCTA5 99790
2013,276,ZCTA5 99791
2013,29639,ZCTA5 99801
2013,457,ZCTA5 99820
2013,2242,ZCTA5 99824
2013,91,ZCTA5 99825
2013,538,ZCTA5 99826
2013,2656,ZCTA5 99827
2013,775,ZCTA5 99829
2013,487,ZCTA5 99830
2013,64,ZCTA5 99832
2013,3277,ZCTA5 99833
2013,8945,ZCTA5 99835
2013,42,ZCTA5 99836
2013,1080,ZCTA5 99840
2013,106,ZCTA5 99841
2013,13651,ZCTA5 99901
2013,30,ZCTA5 99903
2013,130,ZCTA5 99918
2013,528,ZCTA5 99919
2013,2104,ZCTA5 99921
2013,364,ZCTA5 99922
2013,81,ZCTA5 99923
2013,668,ZCTA5 99925
2013,1630,ZCTA5 99926
2013,111,ZCTA5 99927
2013,2341,ZCTA5 99929
2013,442,ZCTA5 99761
2013,4008,ZCTA5 99762
2013,692,ZCTA5 99763
2013,271,ZCTA5 99764
2013,278,ZCTA5 99765
2013,718,ZCTA5 99766
2013,20,ZCTA5 99767
2013,209,ZCTA5 99768
2013,828,ZCTA5 99769
2013,693,ZCTA5 99770
2013,209,ZCTA5 99771
2013,623,ZCTA5 99772
2013,361,ZCTA5 99773
2013,66,ZCTA5 99774
2013,1146,ZCTA5 99775
2013,116,ZCTA5 99776
2013,261,ZCTA5 99777
2013,267,ZCTA5 99778
2013,1783,ZCTA5 99780
2013,168,ZCTA5 99781
2013,540,ZCTA5 99782
2013,118,ZCTA5 99783
2013,166,ZCTA5 99784
2013,407,ZCTA5 99785
2013,290,ZCTA5 99786
2013,65,ZCTA5 99788
2013,405,ZCTA5 99789
2013,43,ZCTA5 99790
2013,276,ZCTA5 99791
2013,29639,ZCTA5 99801
2013,457,ZCTA5 99820
2013,2242,ZCTA5 99824
2013,91,ZCTA5 99825
2013,538,ZCTA5 99826
2013,2656,ZCTA5 99827
2013,775,ZCTA5 99829
2013,487,ZCTA5 99830
2013,64,ZCTA5 99832
2013,3277,ZCTA5 99833
2013,8945,ZCTA5 99835
2013,42,ZCTA5 99836
2013,1080,ZCTA5 99840
2013,106,ZCTA5 99841
2013,13651,ZCTA5 99901
2013,30,ZCTA5 99903
2013,130,ZCTA5 99918
2013,528,ZCTA5 99919
2013,2104,ZCTA5 99921
2013,364,ZCTA5 99922
2013,81,ZCTA5 99923
2013,668,ZCTA5 99925
2013,1630,ZCTA5 99926
2013,111,ZCTA5 99927
2013,2341,ZCTA5 99929
2014,16976,ZCTA5 99501
2014,24012,ZCTA5 99502
2014,14661,ZCTA5 99503
2014,41365,ZCTA5 99504
2014,6766,ZCTA5 99505
2014,7531,ZCTA5 99506
2014,39555,ZCTA5 99507
2014,35135,ZCTA5 99508
2014,315,ZCTA5 99510
2014,0,ZCTA5 99513
2014,22530,ZCTA5 99515
2014,21671,ZCTA5 99516
2014,16797,ZCTA5 99517
2014,10321,ZCTA5 99518
2014,1005,ZCTA5 99519
2014,324,ZCTA5 99540
2014,114,ZCTA5 99546
2014,66,ZCTA5 99547
2014,58,ZCTA5 99548
2014,84,ZCTA5 99549
2014,230,ZCTA5 99550
2014,590,ZCTA5 99551
2014,407,ZCTA5 99552
2014,896,ZCTA5 99553
2014,733,ZCTA5 99554
2014,231,ZCTA5 99555
2014,2710,ZCTA5 99556
2014,714,ZCTA5 99557
2014,86,ZCTA5 99558
2014,7808,ZCTA5 99559
2014,474,ZCTA5 99561
2014,986,ZCTA5 99563
2014,86,ZCTA5 99564
2014,60,ZCTA5 99565
2014,213,ZCTA5 99566
2014,10090,ZCTA5 99567
2014,224,ZCTA5 99568
2014,75,ZCTA5 99569
2014,83,ZCTA5 99571
2014,323,ZCTA5 99572
2014,794,ZCTA5 99573
2014,2721,ZCTA5 99574
2014,104,ZCTA5 99575
2014,2445,ZCTA5 99576
2014,27955,ZCTA5 99577
2014,425,ZCTA5 99578
2014,74,ZCTA5 99579
2014,100,ZCTA5 99580
2014,819,ZCTA5 99581
2014,31,ZCTA5 99583
2014,320,ZCTA5 99585
2014,519,ZCTA5 99586
2014,2446,ZCTA5 99587
2014,879,ZCTA5 99588
2014,237,ZCTA5 99589
2014,151,ZCTA5 99590
2014,33,ZCTA5 99591
2014,209,ZCTA5 99602
2014,9894,ZCTA5 99603
2014,1259,ZCTA5 99604
2014,89,ZCTA5 99605
2014,369,ZCTA5 99606
2014,257,ZCTA5 99607
2014,537,ZCTA5 99609
2014,2340,ZCTA5 99610
2014,15549,ZCTA5 99611
2014,900,ZCTA5 99612
2014,375,ZCTA5 99613
2014,700,ZCTA5 99614
2014,13096,ZCTA5 99615
2014,636,ZCTA5 99620
2014,763,ZCTA5 99621
2014,325,ZCTA5 99622
2014,52,ZCTA5 99624
2014,131,ZCTA5 99625
2014,334,ZCTA5 99626
2014,401,ZCTA5 99627
2014,673,ZCTA5 99628
2014,177,ZCTA5 99630
2014,464,ZCTA5 99631
2014,781,ZCTA5 99632
2014,600,ZCTA5 99633
2014,365,ZCTA5 99634
2014,574,ZCTA5 99636
2014,650,ZCTA5 99637
2014,34,ZCTA5 99638
2014,956,ZCTA5 99639
2014,220,ZCTA5 99640
2014,459,ZCTA5 99641
2014,268,ZCTA5 99643
2014,278,ZCTA5 99644
2014,26573,ZCTA5 99645
2014,22,ZCTA5 99647
2014,116,ZCTA5 99648
2014,60,ZCTA5 99649
2014,567,ZCTA5 99650
2014,42,ZCTA5 99651
2014,4235,ZCTA5 99652
2014,147,ZCTA5 99653
2014,55319,ZCTA5 99654
2014,616,ZCTA5 99655
2014,32,ZCTA5 99656
2014,404,ZCTA5 99657
2014,687,ZCTA5 99658
2014,406,ZCTA5 99659
2014,612,ZCTA5 99660
2014,1386,ZCTA5 99661
2014,454,ZCTA5 99662
2014,486,ZCTA5 99663
2014,5255,ZCTA5 99664
2014,58,ZCTA5 99665
2014,132,ZCTA5 99666
2014,61,ZCTA5 99667
2014,98,ZCTA5 99668
2014,14174,ZCTA5 99669
2014,60,ZCTA5 99670
2014,538,ZCTA5 99671
2014,3820,ZCTA5 99672
2014,1241,ZCTA5 99674
2014,1383,ZCTA5 99676
2014,69,ZCTA5 99677
2014,858,ZCTA5 99678
2014,421,ZCTA5 99679
2014,437,ZCTA5 99680
2014,297,ZCTA5 99681
2014,403,ZCTA5 99682
2014,544,ZCTA5 99683
2014,716,ZCTA5 99684
2014,4321,ZCTA5 99685
2014,4007,ZCTA5 99686
2014,2645,ZCTA5 99688
2014,587,ZCTA5 99689
2014,281,ZCTA5 99690
2014,75,ZCTA5 99691
2014,215,ZCTA5 99692
2014,252,ZCTA5 99693
2014,1678,ZCTA5 99694
2014,0,ZCTA5 99695
2014,18575,ZCTA5 99701
2014,2647,ZCTA5 99702
2014,7764,ZCTA5 99703
2014,20,ZCTA5 99704
2014,24311,ZCTA5 99705
2014,0,ZCTA5 99706
2014,31658,ZCTA5 99709
2014,12134,ZCTA5 99712
2014,1084,ZCTA5 99714
2014,145,ZCTA5 99720
2014,233,ZCTA5 99721
2014,118,ZCTA5 99722
2014,4321,ZCTA5 99723
2014,86,ZCTA5 99724
2014,32,ZCTA5 99726
2014,582,ZCTA5 99727
2014,197,ZCTA5 99729
2014,110,ZCTA5 99730
2014,0,ZCTA5 99732
2014,103,ZCTA5 99733
2014,1566,ZCTA5 99734
2014,128,ZCTA5 99736
2014,5037,ZCTA5 99737
2014,85,ZCTA5 99738
2014,319,ZCTA5 99739
2014,522,ZCTA5 99740
2014,539,ZCTA5 99741
2014,702,ZCTA5 99742
2014,1159,ZCTA5 99743
2014,192,ZCTA5 99744
2014,63,ZCTA5 99745
2014,388,ZCTA5 99746
2014,176,ZCTA5 99747
2014,200,ZCTA5 99748
2014,371,ZCTA5 99749
2014,532,ZCTA5 99750
2014,159,ZCTA5 99751
2014,3428,ZCTA5 99752
2014,265,ZCTA5 99753
2014,89,ZCTA5 99754
2014,429,ZCTA5 99755
2014,80,ZCTA5 99756
2014,23,ZCTA5 99757
2014,252,ZCTA5 99758
2014,246,ZCTA5 99759
2014,851,ZCTA5 99760
2014,452,ZCTA5 99761
2014,4084,ZCTA5 99762
2014,598,ZCTA5 99763
2014,305,ZCTA5 99764
2014,272,ZCTA5 99765
2014,628,ZCTA5 99766
2014,15,ZCTA5 99767
2014,208,ZCTA5 99768
2014,872,ZCTA5 99769
2014,754,ZCTA5 99770
2014,212,ZCTA5 99771
2014,699,ZCTA5 99772
2014,308,ZCTA5 99773
2014,69,ZCTA5 99774
2014,1179,ZCTA5 99775
2014,154,ZCTA5 99776
2014,248,ZCTA5 99777
2014,227,ZCTA5 99778
2014,1724,ZCTA5 99780
2014,171,ZCTA5 99781
2014,482,ZCTA5 99782
2014,165,ZCTA5 99783
2014,148,ZCTA5 99784
2014,439,ZCTA5 99785
2014,329,ZCTA5 99786
2014,85,ZCTA5 99788
2014,371,ZCTA5 99789
2014,20,ZCTA5 99790
2014,219,ZCTA5 99791
2014,29855,ZCTA5 99801
2014,425,ZCTA5 99820
2014,2328,ZCTA5 99824
2014,109,ZCTA5 99825
2014,529,ZCTA5 99826
2014,2623,ZCTA5 99827
2014,818,ZCTA5 99829
2014,592,ZCTA5 99830
2014,62,ZCTA5 99832
2014,3212,ZCTA5 99833
2014,8957,ZCTA5 99835
2014,30,ZCTA5 99836
2014,996,ZCTA5 99840
2014,117,ZCTA5 99841
2014,13694,ZCTA5 99901
2014,29,ZCTA5 99903
2014,141,ZCTA5 99918
2014,603,ZCTA5 99919
2014,2123,ZCTA5 99921
2014,356,ZCTA5 99922
2014,12,ZCTA5 99923
2014,728,ZCTA5 99925
2014,1622,ZCTA5 99926
2014,131,ZCTA5 99927
2014,2354,ZCTA5 99929
2014,452,ZCTA5 99761
2014,4084,ZCTA5 99762
2014,598,ZCTA5 99763
2014,305,ZCTA5 99764
2014,272,ZCTA5 99765
2014,628,ZCTA5 99766
2014,15,ZCTA5 99767
2014,208,ZCTA5 99768
2014,872,ZCTA5 99769
2014,754,ZCTA5 99770
2014,212,ZCTA5 99771
2014,699,ZCTA5 99772
2014,308,ZCTA5 99773
2014,69,ZCTA5 99774
2014,1179,ZCTA5 99775
2014,154,ZCTA5 99776
2014,248,ZCTA5 99777
2014,227,ZCTA5 99778
2014,1724,ZCTA5 99780
2014,171,ZCTA5 99781
2014,482,ZCTA5 99782
2014,165,ZCTA5 99783
2014,148,ZCTA5 99784
2014,439,ZCTA5 99785
2014,329,ZCTA5 99786
2014,85,ZCTA5 99788
2014,371,ZCTA5 99789
2014,20,ZCTA5 99790
2014,219,ZCTA5 99791
2014,29855,ZCTA5 99801
2014,425,ZCTA5 99820
2014,2328,ZCTA5 99824
2014,109,ZCTA5 99825
2014,529,ZCTA5 99826
2014,2623,ZCTA5 99827
2014,818,ZCTA5 99829
2014,592,ZCTA5 99830
2014,62,ZCTA5 99832
2014,3212,ZCTA5 99833
2014,8957,ZCTA5 99835
2014,30,ZCTA5 99836
2014,996,ZCTA5 99840
2014,117,ZCTA5 99841
2014,13694,ZCTA5 99901
2014,29,ZCTA5 99903
2014,141,ZCTA5 99918
2014,603,ZCTA5 99919
2014,2123,ZCTA5 99921
2014,356,ZCTA5 99922
2014,12,ZCTA5 99923
2014,728,ZCTA5 99925
2014,1622,ZCTA5 99926
2014,131,ZCTA5 99927
2014,2354,ZCTA5 99929
2015,17213,ZCTA5 99501
2015,23649,ZCTA5 99502
2015,14107,ZCTA5 99503
2015,42189,ZCTA5 99504
2015,6479,ZCTA5 99505
2015,7541,ZCTA5 99506
2015,40013,ZCTA5 99507
2015,35437,ZCTA5 99508
2015,332,ZCTA5 99510
2015,0,ZCTA5 99513
2015,22661,ZCTA5 99515
2015,21459,ZCTA5 99516
2015,16809,ZCTA5 99517
2015,10285,ZCTA5 99518
2015,589,ZCTA5 99519
2015,374,ZCTA5 99540
2015,122,ZCTA5 99546
2015,66,ZCTA5 99547
2015,70,ZCTA5 99548
2015,81,ZCTA5 99549
2015,231,ZCTA5 99550
2015,562,ZCTA5 99551
2015,399,ZCTA5 99552
2015,899,ZCTA5 99553
2015,777,ZCTA5 99554
2015,199,ZCTA5 99555
2015,2497,ZCTA5 99556
2015,696,ZCTA5 99557
2015,87,ZCTA5 99558
2015,7869,ZCTA5 99559
2015,516,ZCTA5 99561
2015,1082,ZCTA5 99563
2015,70,ZCTA5 99564
2015,73,ZCTA5 99565
2015,189,ZCTA5 99566
2015,9853,ZCTA5 99567
2015,275,ZCTA5 99568
2015,56,ZCTA5 99569
2015,88,ZCTA5 99571
2015,457,ZCTA5 99572
2015,799,ZCTA5 99573
2015,2696,ZCTA5 99574
2015,98,ZCTA5 99575
2015,2464,ZCTA5 99576
2015,28565,ZCTA5 99577
2015,455,ZCTA5 99578
2015,68,ZCTA5 99579
2015,78,ZCTA5 99580
2015,835,ZCTA5 99581
2015,37,ZCTA5 99583
2015,350,ZCTA5 99585
2015,463,ZCTA5 99586
2015,2255,ZCTA5 99587
2015,936,ZCTA5 99588
2015,230,ZCTA5 99589
2015,171,ZCTA5 99590
2015,53,ZCTA5 99591
2015,214,ZCTA5 99602
2015,10130,ZCTA5 99603
2015,1140,ZCTA5 99604
2015,65,ZCTA5 99605
2015,382,ZCTA5 99606
2015,284,ZCTA5 99607
2015,599,ZCTA5 99609
2015,2326,ZCTA5 99610
2015,15811,ZCTA5 99611
2015,1074,ZCTA5 99612
2015,392,ZCTA5 99613
2015,686,ZCTA5 99614
2015,13197,ZCTA5 99615
2015,643,ZCTA5 99620
2015,824,ZCTA5 99621
2015,331,ZCTA5 99622
2015,61,ZCTA5 99624
2015,114,ZCTA5 99625
2015,312,ZCTA5 99626
2015,397,ZCTA5 99627
2015,691,ZCTA5 99628
2015,174,ZCTA5 99630
2015,428,ZCTA5 99631
2015,749,ZCTA5 99632
2015,567,ZCTA5 99633
2015,352,ZCTA5 99634
2015,609,ZCTA5 99636
2015,549,ZCTA5 99637
2015,37,ZCTA5 99638
2015,966,ZCTA5 99639
2015,187,ZCTA5 99640
2015,554,ZCTA5 99641
2015,249,ZCTA5 99643
2015,235,ZCTA5 99644
2015,27818,ZCTA5 99645
2015,12,ZCTA5 99647
2015,98,ZCTA5 99648
2015,65,ZCTA5 99649
2015,582,ZCTA5 99650
2015,42,ZCTA5 99651
2015,4059,ZCTA5 99652
2015,147,ZCTA5 99653
2015,56325,ZCTA5 99654
2015,661,ZCTA5 99655
2015,22,ZCTA5 99656
2015,410,ZCTA5 99657
2015,719,ZCTA5 99658
2015,396,ZCTA5 99659
2015,576,ZCTA5 99660
2015,1206,ZCTA5 99661
2015,498,ZCTA5 99662
2015,475,ZCTA5 99663
2015,4892,ZCTA5 99664
2015,43,ZCTA5 99665
2015,129,ZCTA5 99666
2015,71,ZCTA5 99667
2015,94,ZCTA5 99668
2015,14464,ZCTA5 99669
2015,63,ZCTA5 99670
2015,547,ZCTA5 99671
2015,4035,ZCTA5 99672
2015,1370,ZCTA5 99674
2015,1372,ZCTA5 99676
2015,86,ZCTA5 99677
2015,882,ZCTA5 99678
2015,436,ZCTA5 99679
2015,466,ZCTA5 99680
2015,294,ZCTA5 99681
2015,400,ZCTA5 99682
2015,529,ZCTA5 99683
2015,720,ZCTA5 99684
2015,4386,ZCTA5 99685
2015,3982,ZCTA5 99686
2015,2837,ZCTA5 99688
2015,597,ZCTA5 99689
2015,259,ZCTA5 99690
2015,113,ZCTA5 99691
2015,233,ZCTA5 99692
2015,299,ZCTA5 99693
2015,1608,ZCTA5 99694
2015,0,ZCTA5 99695
2015,18900,ZCTA5 99701
2015,2630,ZCTA5 99702
2015,7726,ZCTA5 99703
2015,41,ZCTA5 99704
2015,24421,ZCTA5 99705
2015,0,ZCTA5 99706
2015,31594,ZCTA5 99709
2015,12016,ZCTA5 99712
2015,1102,ZCTA5 99714
2015,145,ZCTA5 99720
2015,247,ZCTA5 99721
2015,138,ZCTA5 99722
2015,4351,ZCTA5 99723
2015,60,ZCTA5 99724
2015,38,ZCTA5 99726
2015,596,ZCTA5 99727
2015,222,ZCTA5 99729
2015,59,ZCTA5 99730
2015,0,ZCTA5 99732
2015,118,ZCTA5 99733
2015,2122,ZCTA5 99734
2015,144,ZCTA5 99736
2015,5005,ZCTA5 99737
2015,106,ZCTA5 99738
2015,328,ZCTA5 99739
2015,565,ZCTA5 99740
2015,554,ZCTA5 99741
2015,718,ZCTA5 99742
2015,1130,ZCTA5 99743
2015,160,ZCTA5 99744
2015,62,ZCTA5 99745
2015,429,ZCTA5 99746
2015,155,ZCTA5 99747
2015,192,ZCTA5 99748
2015,380,ZCTA5 99749
2015,576,ZCTA5 99750
2015,159,ZCTA5 99751
2015,3381,ZCTA5 99752
2015,272,ZCTA5 99753
2015,80,ZCTA5 99754
2015,514,ZCTA5 99755
2015,89,ZCTA5 99756
2015,24,ZCTA5 99757
2015,257,ZCTA5 99758
2015,285,ZCTA5 99759
2015,691,ZCTA5 99760
2015,443,ZCTA5 99761
2015,4146,ZCTA5 99762
2015,608,ZCTA5 99763
2015,346,ZCTA5 99764
2015,285,ZCTA5 99765
2015,562,ZCTA5 99766
2015,7,ZCTA5 99767
2015,202,ZCTA5 99768
2015,883,ZCTA5 99769
2015,794,ZCTA5 99770
2015,223,ZCTA5 99771
2015,640,ZCTA5 99772
2015,342,ZCTA5 99773
2015,25,ZCTA5 99774
2015,1346,ZCTA5 99775
2015,120,ZCTA5 99776
2015,277,ZCTA5 99777
2015,205,ZCTA5 99778
2015,1660,ZCTA5 99780
2015,177,ZCTA5 99781
2015,458,ZCTA5 99782
2015,155,ZCTA5 99783
2015,179,ZCTA5 99784
2015,442,ZCTA5 99785
2015,280,ZCTA5 99786
2015,101,ZCTA5 99788
2015,345,ZCTA5 99789
2015,20,ZCTA5 99790
2015,159,ZCTA5 99791
2015,30262,ZCTA5 99801
2015,408,ZCTA5 99820
2015,2249,ZCTA5 99824
2015,100,ZCTA5 99825
2015,496,ZCTA5 99826
2015,2626,ZCTA5 99827
2015,821,ZCTA5 99829
2015,628,ZCTA5 99830
2015,87,ZCTA5 99832
2015,3221,ZCTA5 99833
2015,8943,ZCTA5 99835
2015,31,ZCTA5 99836
2015,999,ZCTA5 99840
2015,150,ZCTA5 99841
2015,13717,ZCTA5 99901
2015,22,ZCTA5 99903
2015,162,ZCTA5 99918
2015,637,ZCTA5 99919
2015,1950,ZCTA5 99921
2015,277,ZCTA5 99922
2015,13,ZCTA5 99923
2015,826,ZCTA5 99925
2015,1711,ZCTA5 99926
2015,123,ZCTA5 99927
2015,2365,ZCTA5 99929
2015,443,ZCTA5 99761
2015,4146,ZCTA5 99762
2015,608,ZCTA5 99763
2015,346,ZCTA5 99764
2015,285,ZCTA5 99765
2015,562,ZCTA5 99766
2015,7,ZCTA5 99767
2015,202,ZCTA5 99768
2015,883,ZCTA5 99769
2015,794,ZCTA5 99770
2015,223,ZCTA5 99771
2015,640,ZCTA5 99772
2015,342,ZCTA5 99773
2015,25,ZCTA5 99774
2015,1346,ZCTA5 99775
2015,120,ZCTA5 99776
2015,277,ZCTA5 99777
2015,205,ZCTA5 99778
2015,1660,ZCTA5 99780
2015,177,ZCTA5 99781
2015,458,ZCTA5 99782
2015,155,ZCTA5 99783
2015,179,ZCTA5 99784
2015,442,ZCTA5 99785
2015,280,ZCTA5 99786
2015,101,ZCTA5 99788
2015,345,ZCTA5 99789
2015,20,ZCTA5 99790
2015,159,ZCTA5 99791
2015,30262,ZCTA5 99801
2015,408,ZCTA5 99820
2015,2249,ZCTA5 99824
2015,100,ZCTA5 99825
2015,496,ZCTA5 99826
2015,2626,ZCTA5 99827
2015,821,ZCTA5 99829
2015,628,ZCTA5 99830
2015,87,ZCTA5 99832
2015,3221,ZCTA5 99833
2015,8943,ZCTA5 99835
2015,31,ZCTA5 99836
2015,999,ZCTA5 99840
2015,150,ZCTA5 99841
2015,13717,ZCTA5 99901
2015,22,ZCTA5 99903
2015,162,ZCTA5 99918
2015,637,ZCTA5 99919
2015,1950,ZCTA5 99921
2015,277,ZCTA5 99922
2015,13,ZCTA5 99923
2015,826,ZCTA5 99925
2015,1711,ZCTA5 99926
2015,123,ZCTA5 99927
2015,2365,ZCTA5 99929
2016,17130,ZCTA5 99501
2016,24253,ZCTA5 99502
2016,14148,ZCTA5 99503
2016,42908,ZCTA5 99504
2016,6240,ZCTA5 99505
2016,7094,ZCTA5 99506
2016,39460,ZCTA5 99507
2016,34649,ZCTA5 99508
2016,362,ZCTA5 99510
2016,0,ZCTA5 99513
2016,23747,ZCTA5 99515
2016,21775,ZCTA5 99516
2016,17226,ZCTA5 99517
2016,9872,ZCTA5 99518
2016,542,ZCTA5 99519
2016,286,ZCTA5 99540
2016,122,ZCTA5 99546
2016,51,ZCTA5 99547
2016,71,ZCTA5 99548
2016,73,ZCTA5 99549
2016,240,ZCTA5 99550
2016,584,ZCTA5 99551
2016,407,ZCTA5 99552
2016,782,ZCTA5 99553
2016,737,ZCTA5 99554
2016,189,ZCTA5 99555
2016,2595,ZCTA5 99556
2016,693,ZCTA5 99557
2016,86,ZCTA5 99558
2016,7907,ZCTA5 99559
2016,507,ZCTA5 99561
2016,1194,ZCTA5 99563
2016,40,ZCTA5 99564
2016,59,ZCTA5 99565
2016,104,ZCTA5 99566
2016,9651,ZCTA5 99567
2016,321,ZCTA5 99568
2016,47,ZCTA5 99569
2016,106,ZCTA5 99571
2016,502,ZCTA5 99572
2016,763,ZCTA5 99573
2016,3099,ZCTA5 99574
2016,65,ZCTA5 99575
2016,2467,ZCTA5 99576
2016,28317,ZCTA5 99577
2016,472,ZCTA5 99578
2016,80,ZCTA5 99579
2016,79,ZCTA5 99580
2016,808,ZCTA5 99581
2016,64,ZCTA5 99583
2016,343,ZCTA5 99585
2016,309,ZCTA5 99586
2016,2271,ZCTA5 99587
2016,657,ZCTA5 99588
2016,216,ZCTA5 99589
2016,165,ZCTA5 99590
2016,74,ZCTA5 99591
2016,216,ZCTA5 99602
2016,10389,ZCTA5 99603
2016,1114,ZCTA5 99604
2016,108,ZCTA5 99605
2016,374,ZCTA5 99606
2016,264,ZCTA5 99607
2016,635,ZCTA5 99609
2016,2010,ZCTA5 99610
2016,16271,ZCTA5 99611
2016,1080,ZCTA5 99612
2016,400,ZCTA5 99613
2016,682,ZCTA5 99614
2016,13135,ZCTA5 99615
2016,662,ZCTA5 99620
2016,787,ZCTA5 99621
2016,332,ZCTA5 99622
2016,47,ZCTA5 99624
2016,97,ZCTA5 99625
2016,280,ZCTA5 99626
2016,383,ZCTA5 99627
2016,787,ZCTA5 99628
2016,191,ZCTA5 99630
2016,354,ZCTA5 99631
2016,838,ZCTA5 99632
2016,544,ZCTA5 99633
2016,404,ZCTA5 99634
2016,566,ZCTA5 99636
2016,503,ZCTA5 99637
2016,30,ZCTA5 99638
2016,983,ZCTA5 99639
2016,191,ZCTA5 99640
2016,642,ZCTA5 99641
2016,302,ZCTA5 99643
2016,194,ZCTA5 99644
2016,28127,ZCTA5 99645
2016,13,ZCTA5 99647
2016,94,ZCTA5 99648
2016,63,ZCTA5 99649
2016,600,ZCTA5 99650
2016,28,ZCTA5 99651
2016,3863,ZCTA5 99652
2016,156,ZCTA5 99653
2016,58889,ZCTA5 99654
2016,729,ZCTA5 99655
2016,33,ZCTA5 99656
2016,401,ZCTA5 99657
2016,649,ZCTA5 99658
2016,446,ZCTA5 99659
2016,525,ZCTA5 99660
2016,1267,ZCTA5 99661
2016,529,ZCTA5 99662
2016,445,ZCTA5 99663
2016,4467,ZCTA5 99664
2016,59,ZCTA5 99665
2016,118,ZCTA5 99666
2016,96,ZCTA5 99667
2016,84,ZCTA5 99668
2016,15159,ZCTA5 99669
2016,55,ZCTA5 99670
2016,513,ZCTA5 99671
2016,3569,ZCTA5 99672
2016,1358,ZCTA5 99674
2016,1578,ZCTA5 99676
2016,132,ZCTA5 99677
2016,845,ZCTA5 99678
2016,431,ZCTA5 99679
2016,447,ZCTA5 99680
2016,315,ZCTA5 99681
2016,464,ZCTA5 99682
2016,398,ZCTA5 99683
2016,705,ZCTA5 99684
2016,4452,ZCTA5 99685
2016,3934,ZCTA5 99686
2016,2755,ZCTA5 99688
2016,618,ZCTA5 99689
2016,233,ZCTA5 99690
2016,120,ZCTA5 99691
2016,258,ZCTA5 99692
2016,320,ZCTA5 99693
2016,1586,ZCTA5 99694
2016,0,ZCTA5 99695
2016,18758,ZCTA5 99701
2016,2826,ZCTA5 99702
2016,7926,ZCTA5 99703
2016,37,ZCTA5 99704
2016,23539,ZCTA5 99705
2016,3,ZCTA5 99706
2016,32355,ZCTA5 99709
2016,12339,ZCTA5 99712
2016,1193,ZCTA5 99714
2016,178,ZCTA5 99720
2016,273,ZCTA5 99721
2016,137,ZCTA5 99722
2016,4377,ZCTA5 99723
2016,46,ZCTA5 99724
2016,47,ZCTA5 99726
2016,616,ZCTA5 99727
2016,219,ZCTA5 99729
2016,45,ZCTA5 99730
2016,0,ZCTA5 99732
2016,116,ZCTA5 99733
2016,1970,ZCTA5 99734
2016,150,ZCTA5 99736
2016,4983,ZCTA5 99737
2016,105,ZCTA5 99738
2016,300,ZCTA5 99739
2016,582,ZCTA5 99740
2016,524,ZCTA5 99741
2016,690,ZCTA5 99742
2016,1115,ZCTA5 99743
2016,131,ZCTA5 99744
2016,83,ZCTA5 99745
2016,443,ZCTA5 99746
2016,166,ZCTA5 99747
2016,152,ZCTA5 99748
2016,342,ZCTA5 99749
2016,671,ZCTA5 99750
2016,137,ZCTA5 99751
2016,3379,ZCTA5 99752
2016,261,ZCTA5 99753
2016,79,ZCTA5 99754
2016,619,ZCTA5 99755
2016,86,ZCTA5 99756
2016,32,ZCTA5 99757
2016,213,ZCTA5 99758
2016,306,ZCTA5 99759
2016,644,ZCTA5 99760
2016,403,ZCTA5 99761
2016,4218,ZCTA5 99762
2016,605,ZCTA5 99763
2016,339,ZCTA5 99764
2016,286,ZCTA5 99765
2016,625,ZCTA5 99766
2016,10,ZCTA5 99767
2016,214,ZCTA5 99768
2016,932,ZCTA5 99769
2016,807,ZCTA5 99770
2016,246,ZCTA5 99771
2016,611,ZCTA5 99772
2016,290,ZCTA5 99773
2016,20,ZCTA5 99774
2016,1290,ZCTA5 99775
2016,157,ZCTA5 99776
2016,279,ZCTA5 99777
2016,206,ZCTA5 99778
2016,1594,ZCTA5 99780
2016,171,ZCTA5 99781
2016,488,ZCTA5 99782
2016,166,ZCTA5 99783
2016,168,ZCTA5 99784
2016,417,ZCTA5 99785
2016,295,ZCTA5 99786
2016,120,ZCTA5 99788
2016,347,ZCTA5 99789
2016,7,ZCTA5 99790
2016,167,ZCTA5 99791
2016,30205,ZCTA5 99801
2016,459,ZCTA5 99820
2016,2299,ZCTA5 99824
2016,70,ZCTA5 99825
2016,472,ZCTA5 99826
2016,2592,ZCTA5 99827
2016,774,ZCTA5 99829
2016,644,ZCTA5 99830
2016,96,ZCTA5 99832
2016,3196,ZCTA5 99833
2016,8921,ZCTA5 99835
2016,42,ZCTA5 99836
2016,1014,ZCTA5 99840
2016,172,ZCTA5 99841
2016,13745,ZCTA5 99901
2016,16,ZCTA5 99903
2016,193,ZCTA5 99918
2016,718,ZCTA5 99919
2016,1800,ZCTA5 99921
2016,291,ZCTA5 99922
2016,0,ZCTA5 99923
2016,908,ZCTA5 99925
2016,1667,ZCTA5 99926
2016,81,ZCTA5 99927
2016,2385,ZCTA5 99929
2016,403,ZCTA5 99761
2016,4218,ZCTA5 99762
2016,605,ZCTA5 99763
2016,339,ZCTA5 99764
2016,286,ZCTA5 99765
2016,625,ZCTA5 99766
2016,10,ZCTA5 99767
2016,214,ZCTA5 99768
2016,932,ZCTA5 99769
2016,807,ZCTA5 99770
2016,246,ZCTA5 99771
2016,611,ZCTA5 99772
2016,290,ZCTA5 99773
2016,20,ZCTA5 99774
2016,1290,ZCTA5 99775
2016,157,ZCTA5 99776
2016,279,ZCTA5 99777
2016,206,ZCTA5 99778
2016,1594,ZCTA5 99780
2016,171,ZCTA5 99781
2016,488,ZCTA5 99782
2016,166,ZCTA5 99783
2016,168,ZCTA5 99784
2016,417,ZCTA5 99785
2016,295,ZCTA5 99786
2016,120,ZCTA5 99788
2016,347,ZCTA5 99789
2016,7,ZCTA5 99790
2016,167,ZCTA5 99791
2016,30205,ZCTA5 99801
2016,459,ZCTA5 99820
2016,2299,ZCTA5 99824
2016,70,ZCTA5 99825
2016,472,ZCTA5 99826
2016,2592,ZCTA5 99827
2016,774,ZCTA5 99829
2016,644,ZCTA5 99830
2016,96,ZCTA5 99832
2016,3196,ZCTA5 99833
2016,8921,ZCTA5 99835
2016,42,ZCTA5 99836
2016,1014,ZCTA5 99840
2016,172,ZCTA5 99841
2016,13745,ZCTA5 99901
2016,16,ZCTA5 99903
2016,193,ZCTA5 99918
2016,718,ZCTA5 99919
2016,1800,ZCTA5 99921
2016,291,ZCTA5 99922
2016,0,ZCTA5 99923
2016,908,ZCTA5 99925
2016,1667,ZCTA5 99926
2016,81,ZCTA5 99927
2016,2385,ZCTA5 99929
2017,17084,ZCTA5 99501
2017,24505,ZCTA5 99502
2017,13668,ZCTA5 99503
2017,42161,ZCTA5 99504
2017,6477,ZCTA5 99505
2017,7255,ZCTA5 99506
2017,38739,ZCTA5 99507
2017,35564,ZCTA5 99508
2017,689,ZCTA5 99510
2017,0,ZCTA5 99513
2017,24207,ZCTA5 99515
2017,21544,ZCTA5 99516
2017,17014,ZCTA5 99517
2017,10077,ZCTA5 99518
2017,508,ZCTA5 99519
2017,289,ZCTA5 99540
2017,130,ZCTA5 99546
2017,51,ZCTA5 99547
2017,57,ZCTA5 99548
2017,60,ZCTA5 99549
2017,214,ZCTA5 99550
2017,609,ZCTA5 99551
2017,397,ZCTA5 99552
2017,801,ZCTA5 99553
2017,735,ZCTA5 99554
2017,190,ZCTA5 99555
2017,2615,ZCTA5 99556
2017,668,ZCTA5 99557
2017,91,ZCTA5 99558
2017,7901,ZCTA5 99559
2017,459,ZCTA5 99561
2017,1271,ZCTA5 99563
2017,35,ZCTA5 99564
2017,63,ZCTA5 99565
2017,92,ZCTA5 99566
2017,9011,ZCTA5 99567
2017,281,ZCTA5 99568
2017,53,ZCTA5 99569
2017,110,ZCTA5 99571
2017,581,ZCTA5 99572
2017,640,ZCTA5 99573
2017,3218,ZCTA5 99574
2017,90,ZCTA5 99575
2017,2427,ZCTA5 99576
2017,28210,ZCTA5 99577
2017,497,ZCTA5 99578
2017,69,ZCTA5 99579
2017,88,ZCTA5 99580
2017,763,ZCTA5 99581
2017,68,ZCTA5 99583
2017,337,ZCTA5 99585
2017,188,ZCTA5 99586
2017,2233,ZCTA5 99587
2017,618,ZCTA5 99588
2017,210,ZCTA5 99589
2017,165,ZCTA5 99590
2017,85,ZCTA5 99591
2017,202,ZCTA5 99602
2017,10332,ZCTA5 99603
2017,1153,ZCTA5 99604
2017,50,ZCTA5 99605
2017,328,ZCTA5 99606
2017,255,ZCTA5 99607
2017,655,ZCTA5 99609
2017,2055,ZCTA5 99610
2017,16208,ZCTA5 99611
2017,1003,ZCTA5 99612
2017,414,ZCTA5 99613
2017,659,ZCTA5 99614
2017,13041,ZCTA5 99615
2017,726,ZCTA5 99620
2017,705,ZCTA5 99621
2017,349,ZCTA5 99622
2017,42,ZCTA5 99624
2017,95,ZCTA5 99625
2017,322,ZCTA5 99626
2017,360,ZCTA5 99627
2017,818,ZCTA5 99628
2017,217,ZCTA5 99630
2017,282,ZCTA5 99631
2017,820,ZCTA5 99632
2017,509,ZCTA5 99633
2017,389,ZCTA5 99634
2017,566,ZCTA5 99636
2017,527,ZCTA5 99637
2017,25,ZCTA5 99638
2017,992,ZCTA5 99639
2017,154,ZCTA5 99640
2017,726,ZCTA5 99641
2017,290,ZCTA5 99643
2017,186,ZCTA5 99644
2017,29293,ZCTA5 99645
2017,18,ZCTA5 99647
2017,98,ZCTA5 99648
2017,69,ZCTA5 99649
2017,636,ZCTA5 99650
2017,15,ZCTA5 99651
2017,3494,ZCTA5 99652
2017,157,ZCTA5 99653
2017,60641,ZCTA5 99654
2017,763,ZCTA5 99655
2017,21,ZCTA5 99656
2017,348,ZCTA5 99657
2017,663,ZCTA5 99658
2017,441,ZCTA5 99659
2017,480,ZCTA5 99660
2017,1356,ZCTA5 99661
2017,543,ZCTA5 99662
2017,436,ZCTA5 99663
2017,4735,ZCTA5 99664
2017,63,ZCTA5 99665
2017,134,ZCTA5 99666
2017,108,ZCTA5 99667
2017,85,ZCTA5 99668
2017,15516,ZCTA5 99669
2017,47,ZCTA5 99670
2017,500,ZCTA5 99671
2017,3400,ZCTA5 99672
2017,1452,ZCTA5 99674
2017,1412,ZCTA5 99676
2017,121,ZCTA5 99677
2017,832,ZCTA5 99678
2017,434,ZCTA5 99679
2017,477,ZCTA5 99680
2017,301,ZCTA5 99681
2017,478,ZCTA5 99682
2017,453,ZCTA5 99683
2017,695,ZCTA5 99684
2017,4563,ZCTA5 99685
2017,3925,ZCTA5 99686
2017,2614,ZCTA5 99688
2017,653,ZCTA5 99689
2017,212,ZCTA5 99690
2017,123,ZCTA5 99691
2017,246,ZCTA5 99692
2017,448,ZCTA5 99693
2017,1633,ZCTA5 99694
2017,0,ZCTA5 99695
2017,17608,ZCTA5 99701
2017,3025,ZCTA5 99702
2017,8415,ZCTA5 99703
2017,30,ZCTA5 99704
2017,22804,ZCTA5 99705
2017,4,ZCTA5 99706
2017,31767,ZCTA5 99709
2017,13918,ZCTA5 99712
2017,1201,ZCTA5 99714
2017,186,ZCTA5 99720
2017,290,ZCTA5 99721
2017,167,ZCTA5 99722
2017,4444,ZCTA5 99723
2017,54,ZCTA5 99724
2017,83,ZCTA5 99726
2017,627,ZCTA5 99727
2017,220,ZCTA5 99729
2017,52,ZCTA5 99730
2017,12,ZCTA5 99732
2017,108,ZCTA5 99733
2017,1624,ZCTA5 99734
2017,152,ZCTA5 99736
2017,4913,ZCTA5 99737
2017,99,ZCTA5 99738
2017,296,ZCTA5 99739
2017,560,ZCTA5 99740
2017,473,ZCTA5 99741
2017,693,ZCTA5 99742
2017,1106,ZCTA5 99743
2017,113,ZCTA5 99744
2017,77,ZCTA5 99745
2017,404,ZCTA5 99746
2017,181,ZCTA5 99747
2017,165,ZCTA5 99748
2017,329,ZCTA5 99749
2017,678,ZCTA5 99750
2017,152,ZCTA5 99751
2017,3355,ZCTA5 99752
2017,248,ZCTA5 99753
2017,54,ZCTA5 99754
2017,834,ZCTA5 99755
2017,80,ZCTA5 99756
2017,20,ZCTA5 99757
2017,223,ZCTA5 99758
2017,273,ZCTA5 99759
2017,622,ZCTA5 99760
2017,424,ZCTA5 99761
2017,4208,ZCTA5 99762
2017,579,ZCTA5 99763
2017,316,ZCTA5 99764
2017,276,ZCTA5 99765
2017,668,ZCTA5 99766
2017,36,ZCTA5 99767
2017,188,ZCTA5 99768
2017,932,ZCTA5 99769
2017,813,ZCTA5 99770
2017,282,ZCTA5 99771
2017,594,ZCTA5 99772
2017,280,ZCTA5 99773
2017,10,ZCTA5 99774
2017,1386,ZCTA5 99775
2017,128,ZCTA5 99776
2017,243,ZCTA5 99777
2017,227,ZCTA5 99778
2017,1617,ZCTA5 99780
2017,164,ZCTA5 99781
2017,513,ZCTA5 99782
2017,159,ZCTA5 99783
2017,173,ZCTA5 99784
2017,421,ZCTA5 99785
2017,299,ZCTA5 99786
2017,119,ZCTA5 99788
2017,395,ZCTA5 99789
2017,7,ZCTA5 99790
2017,172,ZCTA5 99791
2017,30179,ZCTA5 99801
2017,540,ZCTA5 99820
2017,2255,ZCTA5 99824
2017,89,ZCTA5 99825
2017,386,ZCTA5 99826
2017,2599,ZCTA5 99827
2017,828,ZCTA5 99829
2017,635,ZCTA5 99830
2017,94,ZCTA5 99832
2017,3275,ZCTA5 99833
2017,8810,ZCTA5 99835
2017,60,ZCTA5 99836
2017,1038,ZCTA5 99840
2017,147,ZCTA5 99841
2017,13768,ZCTA5 99901
2017,20,ZCTA5 99903
2017,174,ZCTA5 99918
2017,660,ZCTA5 99919
2017,1971,ZCTA5 99921
2017,306,ZCTA5 99922
2017,0,ZCTA5 99923
2017,901,ZCTA5 99925
2017,1684,ZCTA5 99926
2017,59,ZCTA5 99927
2017,2455,ZCTA5 99929
2017,424,ZCTA5 99761
2017,4208,ZCTA5 99762
2017,579,ZCTA5 99763
2017,316,ZCTA5 99764
2017,276,ZCTA5 99765
2017,668,ZCTA5 99766
2017,36,ZCTA5 99767
2017,188,ZCTA5 99768
2017,932,ZCTA5 99769
2017,813,ZCTA5 99770
2017,282,ZCTA5 99771
2017,594,ZCTA5 99772
2017,280,ZCTA5 99773
2017,10,ZCTA5 99774
2017,1386,ZCTA5 99775
2017,128,ZCTA5 99776
2017,243,ZCTA5 99777
2017,227,ZCTA5 99778
2017,1617,ZCTA5 99780
2017,164,ZCTA5 99781
2017,513,ZCTA5 99782
2017,159,ZCTA5 99783
2017,173,ZCTA5 99784
2017,421,ZCTA5 99785
2017,299,ZCTA5 99786
2017,119,ZCTA5 99788
2017,395,ZCTA5 99789
2017,7,ZCTA5 99790
2017,172,ZCTA5 99791
2017,30179,ZCTA5 99801
2017,540,ZCTA5 99820
2017,2255,ZCTA5 99824
2017,89,ZCTA5 99825
2017,386,ZCTA5 99826
2017,2599,ZCTA5 99827
2017,828,ZCTA5 99829
2017,635,ZCTA5 99830
2017,94,ZCTA5 99832
2017,3275,ZCTA5 99833
2017,8810,ZCTA5 99835
2017,60,ZCTA5 99836
2017,1038,ZCTA5 99840
2017,147,ZCTA5 99841
2017,13768,ZCTA5 99901
2017,20,ZCTA5 99903
2017,174,ZCTA5 99918
2017,660,ZCTA5 99919
2017,1971,ZCTA5 99921
2017,306,ZCTA5 99922
2017,0,ZCTA5 99923
2017,901,ZCTA5 99925
2017,1684,ZCTA5 99926
2017,59,ZCTA5 99927
2017,2455,ZCTA5 99929
2018,17058,ZCTA5 99501
2018,24671,ZCTA5 99502
2018,13221,ZCTA5 99503
2018,42504,ZCTA5 99504
2018,6330,ZCTA5 99505
2018,7029,ZCTA5 99506
2018,38424,ZCTA5 99507
2018,35605,ZCTA5 99508
2018,949,ZCTA5 99510
2018,0,ZCTA5 99513
2018,23402,ZCTA5 99515
2018,20965,ZCTA5 99516
2018,16405,ZCTA5 99517
2018,10450,ZCTA5 99518
2018,469,ZCTA5 99519
2018,284,ZCTA5 99540
2018,203,ZCTA5 99546
2018,35,ZCTA5 99547
2018,51,ZCTA5 99548
2018,78,ZCTA5 99549
2018,190,ZCTA5 99550
2018,567,ZCTA5 99551
2018,416,ZCTA5 99552
2018,758,ZCTA5 99553
2018,837,ZCTA5 99554
2018,204,ZCTA5 99555
2018,2640,ZCTA5 99556
2018,698,ZCTA5 99557
2018,104,ZCTA5 99558
2018,7888,ZCTA5 99559
2018,501,ZCTA5 99561
2018,1144,ZCTA5 99563
2018,61,ZCTA5 99564
2018,75,ZCTA5 99565
2018,98,ZCTA5 99566
2018,9181,ZCTA5 99567
2018,315,ZCTA5 99568
2018,48,ZCTA5 99569
2018,126,ZCTA5 99571
2018,580,ZCTA5 99572
2018,540,ZCTA5 99573
2018,3111,ZCTA5 99574
2018,90,ZCTA5 99575
2018,2494,ZCTA5 99576
2018,28308,ZCTA5 99577
2018,518,ZCTA5 99578
2018,83,ZCTA5 99579
2018,80,ZCTA5 99580
2018,761,ZCTA5 99581
2018,78,ZCTA5 99583
2018,299,ZCTA5 99585
2018,302,ZCTA5 99586
2018,2065,ZCTA5 99587
2018,803,ZCTA5 99588
2018,192,ZCTA5 99589
2018,176,ZCTA5 99590
2018,78,ZCTA5 99591
2018,183,ZCTA5 99602
2018,10509,ZCTA5 99603
2018,1101,ZCTA5 99604
2018,95,ZCTA5 99605
2018,334,ZCTA5 99606
2018,222,ZCTA5 99607
2018,574,ZCTA5 99609
2018,1899,ZCTA5 99610
2018,15657,ZCTA5 99611
2018,1074,ZCTA5 99612
2018,455,ZCTA5 99613
2018,613,ZCTA5 99614
2018,12971,ZCTA5 99615
2018,811,ZCTA5 99620
2018,653,ZCTA5 99621
2018,379,ZCTA5 99622
2018,52,ZCTA5 99624
2018,76,ZCTA5 99625
2018,283,ZCTA5 99626
2018,308,ZCTA5 99627
2018,824,ZCTA5 99628
2018,226,ZCTA5 99630
2018,357,ZCTA5 99631
2018,828,ZCTA5 99632
2018,464,ZCTA5 99633
2018,392,ZCTA5 99634
2018,557,ZCTA5 99636
2018,527,ZCTA5 99637
2018,26,ZCTA5 99638
2018,1036,ZCTA5 99639
2018,151,ZCTA5 99640
2018,869,ZCTA5 99641
2018,249,ZCTA5 99643
2018,187,ZCTA5 99644
2018,30450,ZCTA5 99645
2018,20,ZCTA5 99647
2018,86,ZCTA5 99648
2018,91,ZCTA5 99649
2018,576,ZCTA5 99650
2018,13,ZCTA5 99651
2018,3183,ZCTA5 99652
2018,151,ZCTA5 99653
2018,62135,ZCTA5 99654
2018,796,ZCTA5 99655
2018,21,ZCTA5 99656
2018,318,ZCTA5 99657
2018,762,ZCTA5 99658
2018,468,ZCTA5 99659
2018,425,ZCTA5 99660
2018,1389,ZCTA5 99661
2018,594,ZCTA5 99662
2018,390,ZCTA5 99663
2018,4575,ZCTA5 99664
2018,75,ZCTA5 99665
2018,167,ZCTA5 99666
2018,86,ZCTA5 99667
2018,83,ZCTA5 99668
2018,16249,ZCTA5 99669
2018,41,ZCTA5 99670
2018,473,ZCTA5 99671
2018,3435,ZCTA5 99672
2018,1444,ZCTA5 99674
2018,1353,ZCTA5 99676
2018,78,ZCTA5 99677
2018,768,ZCTA5 99678
2018,415,ZCTA5 99679
2018,566,ZCTA5 99680
2018,339,ZCTA5 99681
2018,483,ZCTA5 99682
2018,447,ZCTA5 99683
2018,702,ZCTA5 99684
2018,4566,ZCTA5 99685
2018,3870,ZCTA5 99686
2018,2624,ZCTA5 99688
2018,665,ZCTA5 99689
2018,189,ZCTA5 99690
2018,114,ZCTA5 99691
2018,215,ZCTA5 99692
2018,313,ZCTA5 99693
2018,1705,ZCTA5 99694
2018,0,ZCTA5 99695
2018,17510,ZCTA5 99701
2018,3006,ZCTA5 99702
2018,8859,ZCTA5 99703
2018,39,ZCTA5 99704
2018,22944,ZCTA5 99705
2018,4,ZCTA5 99706
2018,30428,ZCTA5 99709
2018,14489,ZCTA5 99712
2018,1204,ZCTA5 99714
2018,174,ZCTA5 99720
2018,265,ZCTA5 99721
2018,153,ZCTA5 99722
2018,4452,ZCTA5 99723
2018,46,ZCTA5 99724
2018,77,ZCTA5 99726
2018,608,ZCTA5 99727
2018,202,ZCTA5 99729
2018,49,ZCTA5 99730
2018,13,ZCTA5 99732
2018,74,ZCTA5 99733
2018,1458,ZCTA5 99734
2018,154,ZCTA5 99736
2018,4821,ZCTA5 99737
2018,103,ZCTA5 99738
2018,303,ZCTA5 99739
2018,533,ZCTA5 99740
2018,510,ZCTA5 99741
2018,601,ZCTA5 99742
2018,1041,ZCTA5 99743
2018,98,ZCTA5 99744
2018,90,ZCTA5 99745
2018,404,ZCTA5 99746
2018,178,ZCTA5 99747
2018,172,ZCTA5 99748
2018,299,ZCTA5 99749
2018,688,ZCTA5 99750
2018,143,ZCTA5 99751
2018,3370,ZCTA5 99752
2018,271,ZCTA5 99753
2018,62,ZCTA5 99754
2018,856,ZCTA5 99755
2018,83,ZCTA5 99756
2018,14,ZCTA5 99757
2018,229,ZCTA5 99758
2018,251,ZCTA5 99759
2018,605,ZCTA5 99760
2018,422,ZCTA5 99761
2018,4307,ZCTA5 99762
2018,597,ZCTA5 99763
2018,439,ZCTA5 99764
2018,257,ZCTA5 99765
2018,625,ZCTA5 99766
2018,60,ZCTA5 99767
2018,207,ZCTA5 99768
2018,921,ZCTA5 99769
2018,839,ZCTA5 99770
2018,294,ZCTA5 99771
2018,597,ZCTA5 99772
2018,288,ZCTA5 99773
2018,11,ZCTA5 99774
2018,1358,ZCTA5 99775
2018,141,ZCTA5 99776
2018,242,ZCTA5 99777
2018,225,ZCTA5 99778
2018,1559,ZCTA5 99780
2018,141,ZCTA5 99781
2018,508,ZCTA5 99782
2018,170,ZCTA5 99783
2018,186,ZCTA5 99784
2018,407,ZCTA5 99785
2018,299,ZCTA5 99786
2018,115,ZCTA5 99788
2018,469,ZCTA5 99789
2018,10,ZCTA5 99790
2018,164,ZCTA5 99791
2018,30106,ZCTA5 99801
2018,527,ZCTA5 99820
2018,2224,ZCTA5 99824
2018,63,ZCTA5 99825
2018,416,ZCTA5 99826
2018,2565,ZCTA5 99827
2018,800,ZCTA5 99829
2018,595,ZCTA5 99830
2018,124,ZCTA5 99832
2018,3255,ZCTA5 99833
2018,8738,ZCTA5 99835
2018,97,ZCTA5 99836
2018,1061,ZCTA5 99840
2018,155,ZCTA5 99841
2018,13818,ZCTA5 99901
2018,0,ZCTA5 99903
2018,148,ZCTA5 99918
2018,689,ZCTA5 99919
2018,1986,ZCTA5 99921
2018,330,ZCTA5 99922
2018,15,ZCTA5 99923
2018,927,ZCTA5 99925
2018,1635,ZCTA5 99926
2018,38,ZCTA5 99927
2018,2484,ZCTA5 99929
2018,422,ZCTA5 99761
2018,4307,ZCTA5 99762
2018,597,ZCTA5 99763
2018,439,ZCTA5 99764
2018,257,ZCTA5 99765
2018,625,ZCTA5 99766
2018,60,ZCTA5 99767
2018,207,ZCTA5 99768
2018,921,ZCTA5 99769
2018,839,ZCTA5 99770
2018,294,ZCTA5 99771
2018,597,ZCTA5 99772
2018,288,ZCTA5 99773
2018,11,ZCTA5 99774
2018,1358,ZCTA5 99775
2018,141,ZCTA5 99776
2018,242,ZCTA5 99777
2018,225,ZCTA5 99778
2018,1559,ZCTA5 99780
2018,141,ZCTA5 99781
2018,508,ZCTA5 99782
2018,170,ZCTA5 99783
2018,186,ZCTA5 99784
2018,407,ZCTA5 99785
2018,299,ZCTA5 99786
2018,115,ZCTA5 99788
2018,469,ZCTA5 99789
2018,10,ZCTA5 99790
2018,164,ZCTA5 99791
2018,30106,ZCTA5 99801
2018,527,ZCTA5 99820
2018,2224,ZCTA5 99824
2018,63,ZCTA5 99825
2018,416,ZCTA5 99826
2018,2565,ZCTA5 99827
2018,800,ZCTA5 99829
2018,595,ZCTA5 99830
2018,124,ZCTA5 99832
2018,3255,ZCTA5 99833
2018,8738,ZCTA5 99835
2018,97,ZCTA5 99836
2018,1061,ZCTA5 99840
2018,155,ZCTA5 99841
2018,13818,ZCTA5 99901
2018,0,ZCTA5 99903
2018,148,ZCTA5 99918
2018,689,ZCTA5 99919
2018,1986,ZCTA5 99921
2018,330,ZCTA5 99922
2018,15,ZCTA5 99923
2018,927,ZCTA5 99925
2018,1635,ZCTA5 99926
2018,38,ZCTA5 99927
2018,2484,ZCTA5 99929
