year,population,zip_code,lat,lon
2011,16585, 99501,61.216699936,-149.887149451
2011,24061, 99502,61.147456793,-150.017930994
2011,13604, 99503,61.188158621,-149.88892875
2011,39662, 99504,61.203789014,-149.738414768
2011,6859, 99505,61.2691163,-149.6392966
2011,6655, 99506,61.246102688,-149.799659762
2011,38769, 99507,61.153952257,-149.824124843
2011,36048, 99508,61.195030203,-149.820510407
2011,339, 99510,70.101885,-149.86736
2011,0, 99513,61.2150192,-149.8846222
2011,22033, 99515,61.125514184,-149.884246833
2011,20125, 99516,61.093320386,-149.786230121
2011,15635, 99517,61.181893837,-149.917245163
2011,10654, 99518,61.160728479,-149.8795102
2011,432, 99519,69.216237,-146.787467
2011,224, 99540,60.979559,-149.4771419
2011,124, 99546,51.8680049,-176.640263
2011,60, 99547,52.20335,-174.200129
2011,83, 99548,56.253889,-158.759314
2011,75, 99549,56.923918,-158.6207499
2011,251, 99550,57.8654,-152.882373
2011,644, 99551,60.9097355,-161.4360978
2011,331, 99552,60.91029,-161.223194
2011,946, 99553,54.1333426,-165.7751048
2011,533, 99554,62.686481,-164.663686
2011,254, 99555,59.264016,-158.62444
2011,2671, 99556,59.7753125,-151.7293557
2011,721, 99557,61.261349875,-155.04415125
2011,102, 99558,62.647966,-160.20171
2011,7571, 99559,60.7994306,-161.880423367
2011,451, 99561,60.15122,-164.251364
2011,943, 99563,61.528133,-165.58826
2011,142, 99564,56.293063,-158.404856
2011,77, 99565,56.308844,-158.534916
2011,218, 99566,61.508079188,-144.0523608
2011,8610, 99567,61.419758112,-149.432086076
2011,118, 99568,60.225717,-151.398607
2011,63, 99569,58.813633,-158.560667
2011,55, 99571,55.22099275,-162.72403825
2011,531, 99572,60.507294325,-150.137730508
2011,788, 99573,61.89971504,-145.1930184
2011,2475, 99574,60.54174002,-145.730677972
2011,148, 99575,61.863735,-158.137345
2011,2535, 99576,59.029565933,-158.523278533
2011,26143, 99577,61.314408197,-149.549971675
2011,204, 99578,60.217841,-162.028428
2011,25, 99579,58.210803,-157.375135
2011,161, 99580,59.3496662,-157.4764907
2011,823, 99581,62.776820925,-164.52530285
2011,15, 99583,54.854405,-163.416393
2011,362, 99585,61.878744,-162.085849
2011,682, 99586,62.303594967,-145.287950933
2011,1726, 99587,60.960055639,-149.128916206
2011,1033, 99588,61.868795523,-145.303510831
2011,372, 99589,59.118218,-161.5889
2011,215, 99590,62.905281,-160.066002
2011,118, 99591,56.601273,-169.546544
2011,202, 99602,62.187016,-159.856068
2011,9378, 99603,59.66593717,-151.468001189
2011,1270, 99604,61.526755,-166.107675
2011,141, 99605,60.9165581,-149.624282
2011,371, 99606,59.7372676,-154.884072
2011,231, 99607,61.757492,-159.783535
2011,555, 99609,60.873839,-162.51692
2011,2075, 99610,60.351092367,-151.2799939
2011,15455, 99611,60.55607394,-151.233940165
2011,844, 99612,55.058092329,-162.313700655
2011,432, 99613,58.97148284,-156.71258454
2011,553, 99614,59.938589,-164.037219
2011,12609, 99615,57.765947475,-152.434438812
2011,565, 99620,63.033332,-163.551424
2011,672, 99621,60.810771,-161.43384
2011,275, 99622,59.873557,-163.152607
2011,78, 99624,57.533668,-153.988133
2011,89, 99625,59.109785,-156.8651329
2011,286, 99626,61.514722,-160.359731
2011,474, 99627,62.95452295,-155.59251195
2011,383, 99628,58.975333,-159.019924
2011,177, 99630,60.387896,-166.188097
2011,256, 99631,60.517016,-149.456413
2011,758, 99632,61.3601743,-150.0082657
2011,586, 99633,58.738207,-156.966176
2011,358, 99634,60.694934,-161.983066
2011,518, 99636,59.450614,-157.318583
2011,682, 99637,60.532722,-165.108508
2011,40, 99638,52.938955,-168.861719
2011,691, 99639,60.03796785,-151.651155975
2011,223, 99640,59.967872,-154.851893
2011,416, 99641,60.8969444,-162.4594444
2011,221, 99643,57.20696,-153.297949
2011,329, 99644,57.9231482,-152.5001318
2011,24754, 99645,61.615415638,-149.116616326
2011,18, 99647,59.772581,-154.1571559
2011,104, 99648,55.911308,-159.152263
2011,42, 99649,57.56522,-157.57175
2011,493, 99650,61.939624,-162.883824
2011,44, 99651,59.011633,-161.817384
2011,4029, 99652,61.53919515,-149.973461
2011,203, 99653,60.201368,-154.317794
2011,50944, 99654,61.581825129,-149.442223577
2011,645, 99655,59.750664,-161.90377
2011,20, 99656,61.780278,-157.3344789
2011,357, 99657,61.858474,-161.381221
2011,651, 99658,62.051689,-163.183855
2011,367, 99659,63.47962,-162.031565
2011,716, 99660,57.12574905,-170.2743152
2011,1224, 99661,55.349219227,-160.482860264
2011,543, 99662,61.8417859,-165.58274815
2011,397, 99663,59.438113456,-151.7145578
2011,5392, 99664,60.148658235,-149.43832737
2011,94, 99665,62.654633,-159.529193
2011,175, 99666,62.440625,-165.145536
2011,24, 99667,61.977743,-151.209743
2011,80, 99668,61.69381,-157.173009
2011,13775, 99669,60.455468456,-151.103112304
2011,68, 99670,58.712314,-157.007467
2011,572, 99671,63.5194452,-162.2877175
2011,3466, 99672,60.5358091,-150.7611904
2011,1261, 99674,61.767814283,-148.324580167
2011,1245, 99676,62.275869071,-150.090229606
2011,58, 99677,60.865356,-146.679707
2011,931, 99678,59.0556881,-160.4253888
2011,454, 99679,61.104273,-160.937572
2011,358, 99680,60.3429941,-162.6757957
2011,367, 99681,60.5841,-165.253747
2011,372, 99682,61.08009,-151.136681
2011,484, 99683,62.315410133,-150.232025967
2011,692, 99684,63.877079,-160.792341
2011,4110, 99685,53.873766545,-166.526916927
2011,3956, 99686,61.127874045,-146.348090172
2011,2656, 99688,61.7380823,-150.0441674
2011,633, 99689,60.50594562,-143.7185025
2011,336, 99690,60.523716,-164.832582
2011,63, 99691,63.018642,-154.374007
2011,47, 99692,53.891739244,-166.540379256
2011,238, 99693,60.776188729,-148.685701753
2011,1342, 99694,61.603818,-149.760627
2011,0, 99695,55.918199,-159.493298
2011,18651, 99701,64.851828475,-147.782131617
2011,2814, 99702,64.67668125,-147.08321259
2011,6548, 99703,64.82922085,-147.6862944
2011,20, 99704,64.3265569,-149.186501
2011,22224, 99705,64.774316806,-147.385800003
2011,0, 99706,64.010439,-144.678662
2011,31289, 99709,64.845456223,-147.833722543
2011,12482, 99712,64.959038754,-147.652320133
2011,1152, 99714,64.506852692,-146.981695042
2011,154, 99720,66.556494,-152.673298
2011,407, 99721,68.1413944,-151.7359789
2011,84, 99722,68.091944,-145.604061
2011,4154, 99723,70.994752305,-156.773147816
2011,77, 99724,66.359887,-147.404091
2011,54, 99726,66.926196,-151.506653
2011,483, 99727,65.976729,-161.1268059
2011,168, 99729,63.390780275,-148.909372012
2011,159, 99730,65.649804,-145.587971
2011,0, 99732,64.0691952,-141.9403023
2011,61, 99733,65.824795,-144.063971
2011,233, 99734,70.2140336,-148.4193829
2011,68, 99736,66.0759829,-162.724115
2011,4796, 99737,64.012363065,-145.65206851
2011,138, 99738,64.636865,-141.249598
2011,363, 99739,64.617471,-162.255381
2011,540, 99740,66.5656039,-145.251084
2011,526, 99741,64.7462003,-156.8788758
2011,747, 99742,63.777201,-171.72571
2011,937, 99743,63.873561425,-149.067865675
2011,383, 99744,64.346936,-149.189666
2011,80, 99745,66.044161,-154.255534
2011,273, 99746,65.701841,-156.38798
2011,393, 99747,70.1264348,-143.6117578
2011,187, 99748,64.327077,-158.728778
2011,347, 99749,66.973102,-160.435057
2011,377, 99750,67.727818,-164.539675
2011,95, 99751,66.907151,-156.874805
2011,3650, 99752,67.014700475,-161.72569895
2011,329, 99753,64.935024,-161.153163
2011,110, 99754,64.882096,-157.705532
2011,262, 99755,63.702752456,-148.866213178
2011,74, 99756,65.000255,-150.636608
2011,0, 99757,63.903291,-152.250165
2011,184, 99758,65.151781,-149.372384
2011,314, 99759,69.743712,-163.009654
2011,856, 99760,64.5628352,-149.094701417
2011,525, 99761,67.620987,-163.057973
2011,3854, 99762,65.2575929,-167.52815595
2011,648, 99763,66.833191,-161.044335
2011,395, 99764,62.981927,-141.904303
2011,276, 99765,64.728309,-158.109543
2011,1139, 99766,68.348432,-166.732242
2011,38, 99767,65.5053,-150.1704389
2011,221, 99768,65.252842,-154.23329
2011,701, 99769,63.6961535,-170.473762
2011,703, 99770,66.598803,-160.009307
2011,245, 99771,64.363986,-161.205278
2011,659, 99772,66.25705,-166.064007
2011,376, 99773,66.888979,-157.144955
2011,65, 99774,66.023707,-149.080313
2011,892, 99775,64.858760607,-147.832024609
2011,101, 99776,63.377774,-143.362346
2011,303, 99777,65.174467,-152.04096
2011,311, 99778,65.259552,-166.345853
2011,1717, 99780,63.278621,-143.0479201
2011,138, 99781,67.0088485,-146.3653941
2011,764, 99782,70.638448,-160.030835
2011,118, 99783,65.609169,-168.090348
2011,159, 99784,64.680871,-163.401724
2011,326, 99785,65.334003,-166.4893899
2011,260, 99786,67.0867899,-157.859619
2011,50, 99788,66.654593,-143.721566
2011,564, 99789,70.219948949,-151.000280826
2011,62, 99790,64.557419,-149.09376
2011,325, 99791,70.481593,-157.420517
2011,29056, 99801,58.351935152,-134.537944674
2011,427, 99820,57.5001298,-134.5783042
2011,2188, 99824,58.2764192,-134.3948977
2011,64, 99825,58.159987,-135.736378
2011,454, 99826,58.412011371,-135.732331557
2011,2632, 99827,59.2927777,-135.65406563
2011,774, 99829,58.11082185,-135.4454754
2011,470, 99830,56.974077,-133.939708
2011,113, 99832,57.959351,-136.227336
2011,3278, 99833,56.806453952,-132.958754941
2011,8879, 99835,57.062977563,-135.339565655
2011,83, 99836,56.248509,-134.649466
2011,1105, 99840,59.460331538,-135.312428262
2011,77, 99841,57.781251,-135.220879
2011,13458, 99901,55.36214108,-131.677405005
2011,32, 99903,55.7397974,-132.2612247
2011,75, 99918,56.011569,-132.8195749
2011,534, 99919,55.682518,-132.526113
2011,2100, 99921,55.474787697,-133.145670359
2011,431, 99922,55.207657,-132.825035
2011,116, 99923,55.91842988,-130.0269802
2011,689, 99925,55.55401105,-133.07758615
2011,1488, 99926,55.1243164,-131.5756596
2011,67, 99927,56.239062,-133.457924
2011,2321, 99929,56.471961275,-132.383417775
2011,525, 99761,67.620987,-163.057973
2011,3854, 99762,65.2575929,-167.52815595
2011,648, 99763,66.833191,-161.044335
2011,395, 99764,62.981927,-141.904303
2011,276, 99765,64.728309,-158.109543
2011,1139, 99766,68.348432,-166.732242
2011,38, 99767,65.5053,-150.1704389
2011,221, 99768,65.252842,-154.23329
2011,701, 99769,63.6961535,-170.473762
2011,703, 99770,66.598803,-160.009307
2011,245, 99771,64.363986,-161.205278
2011,659, 99772,66.25705,-166.064007
2011,376, 99773,66.888979,-157.144955
2011,65, 99774,66.023707,-149.080313
2011,892, 99775,64.858760607,-147.832024609
2011,101, 99776,63.377774,-143.362346
2011,303, 99777,65.174467,-152.04096
2011,311, 99778,65.259552,-166.345853
2011,1717, 99780,63.278621,-143.0479201
2011,138, 99781,67.0088485,-146.3653941
2011,764, 99782,70.638448,-160.030835
2011,118, 99783,65.609169,-168.090348
2011,159, 99784,64.680871,-163.401724
2011,326, 99785,65.334003,-166.4893899
2011,260, 99786,67.0867899,-157.859619
2011,50, 99788,66.654593,-143.721566
2011,564, 99789,70.219948949,-151.000280826
2011,62, 99790,64.557419,-149.09376
2011,325, 99791,70.481593,-157.420517
2011,29056, 99801,58.351935152,-134.537944674
2011,427, 99820,57.5001298,-134.5783042
2011,2188, 99824,58.2764192,-134.3948977
2011,64, 99825,58.159987,-135.736378
2011,454, 99826,58.412011371,-135.732331557
2011,2632, 99827,59.2927777,-135.65406563
2011,774, 99829,58.11082185,-135.4454754
2011,470, 99830,56.974077,-133.939708
2011,113, 99832,57.959351,-136.227336
2011,3278, 99833,56.806453952,-132.958754941
2011,8879, 99835,57.062977563,-135.339565655
2011,83, 99836,56.248509,-134.649466
2011,1105, 99840,59.460331538,-135.312428262
2011,77, 99841,57.781251,-135.220879
2011,13458, 99901,55.36214108,-131.677405005
2011,32, 99903,55.7397974,-132.2612247
2011,75, 99918,56.011569,-132.8195749
2011,534, 99919,55.682518,-132.526113
2011,2100, 99921,55.474787697,-133.145670359
2011,431, 99922,55.207657,-132.825035
2011,116, 99923,55.91842988,-130.0269802
2011,689, 99925,55.55401105,-133.07758615
2011,1488, 99926,55.1243164,-131.5756596
2011,67, 99927,56.239062,-133.457924
2011,2321, 99929,56.471961275,-132.383417775
2012,16693, 99501,61.216699936,-149.887149451
2012,24122, 99502,61.147456793,-150.017930994
2012,14242, 99503,61.188158621,-149.88892875
2012,40786, 99504,61.203789014,-149.738414768
2012,6327, 99505,61.2691163,-149.6392966
2012,7213, 99506,61.246102688,-149.799659762
2012,39010, 99507,61.153952257,-149.824124843
2012,35835, 99508,61.195030203,-149.820510407
2012,257, 99510,70.101885,-149.86736
2012,0, 99513,61.2150192,-149.8846222
2012,22097, 99515,61.125514184,-149.884246833
2012,20818, 99516,61.093320386,-149.786230121
2012,15527, 99517,61.181893837,-149.917245163
2012,10804, 99518,61.160728479,-149.8795102
2012,745, 99519,69.216237,-146.787467
2012,324, 99540,60.979559,-149.4771419
2012,127, 99546,51.8680049,-176.640263
2012,87, 99547,52.20335,-174.200129
2012,66, 99548,56.253889,-158.759314
2012,70, 99549,56.923918,-158.6207499
2012,259, 99550,57.8654,-152.882373
2012,638, 99551,60.9097355,-161.4360978
2012,364, 99552,60.91029,-161.223194
2012,932, 99553,54.1333426,-165.7751048
2012,570, 99554,62.686481,-164.663686
2012,208, 99555,59.264016,-158.62444
2012,2694, 99556,59.7753125,-151.7293557
2012,701, 99557,61.261349875,-155.04415125
2012,94, 99558,62.647966,-160.20171
2012,7693, 99559,60.7994306,-161.880423367
2012,489, 99561,60.15122,-164.251364
2012,953, 99563,61.528133,-165.58826
2012,116, 99564,56.293063,-158.404856
2012,76, 99565,56.308844,-158.534916
2012,248, 99566,61.508079188,-144.0523608
2012,9256, 99567,61.419758112,-149.432086076
2012,198, 99568,60.225717,-151.398607
2012,72, 99569,58.813633,-158.560667
2012,82, 99571,55.22099275,-162.72403825
2012,315, 99572,60.507294325,-150.137730508
2012,798, 99573,61.89971504,-145.1930184
2012,2548, 99574,60.54174002,-145.730677972
2012,152, 99575,61.863735,-158.137345
2012,2471, 99576,59.029565933,-158.523278533
2012,26446, 99577,61.314408197,-149.549971675
2012,281, 99578,60.217841,-162.028428
2012,47, 99579,58.210803,-157.375135
2012,119, 99580,59.3496662,-157.4764907
2012,847, 99581,62.776820925,-164.52530285
2012,18, 99583,54.854405,-163.416393
2012,365, 99585,61.878744,-162.085849
2012,644, 99586,62.303594967,-145.287950933
2012,1975, 99587,60.960055639,-149.128916206
2012,980, 99588,61.868795523,-145.303510831
2012,353, 99589,59.118218,-161.5889
2012,186, 99590,62.905281,-160.066002
2012,88, 99591,56.601273,-169.546544
2012,183, 99602,62.187016,-159.856068
2012,9518, 99603,59.66593717,-151.468001189
2012,1195, 99604,61.526755,-166.107675
2012,98, 99605,60.9165581,-149.624282
2012,401, 99606,59.7372676,-154.884072
2012,228, 99607,61.757492,-159.783535
2012,557, 99609,60.873839,-162.51692
2012,2240, 99610,60.351092367,-151.2799939
2012,15671, 99611,60.55607394,-151.233940165
2012,892, 99612,55.058092329,-162.313700655
2012,360, 99613,58.97148284,-156.71258454
2012,626, 99614,59.938589,-164.037219
2012,12770, 99615,57.765947475,-152.434438812
2012,565, 99620,63.033332,-163.551424
2012,705, 99621,60.810771,-161.43384
2012,252, 99622,59.873557,-163.152607
2012,95, 99624,57.533668,-153.988133
2012,112, 99625,59.109785,-156.8651329
2012,267, 99626,61.514722,-160.359731
2012,416, 99627,62.95452295,-155.59251195
2012,475, 99628,58.975333,-159.019924
2012,173, 99630,60.387896,-166.188097
2012,348, 99631,60.517016,-149.456413
2012,768, 99632,61.3601743,-150.0082657
2012,578, 99633,58.738207,-156.966176
2012,340, 99634,60.694934,-161.983066
2012,521, 99636,59.450614,-157.318583
2012,650, 99637,60.532722,-165.108508
2012,30, 99638,52.938955,-168.861719
2012,863, 99639,60.03796785,-151.651155975
2012,208, 99640,59.967872,-154.851893
2012,403, 99641,60.8969444,-162.4594444
2012,243, 99643,57.20696,-153.297949
2012,343, 99644,57.9231482,-152.5001318
2012,24992, 99645,61.615415638,-149.116616326
2012,26, 99647,59.772581,-154.1571559
2012,98, 99648,55.911308,-159.152263
2012,71, 99649,57.56522,-157.57175
2012,510, 99650,61.939624,-162.883824
2012,53, 99651,59.011633,-161.817384
2012,4071, 99652,61.53919515,-149.973461
2012,158, 99653,60.201368,-154.317794
2012,52551, 99654,61.581825129,-149.442223577
2012,635, 99655,59.750664,-161.90377
2012,27, 99656,61.780278,-157.3344789
2012,402, 99657,61.858474,-161.381221
2012,704, 99658,62.051689,-163.183855
2012,393, 99659,63.47962,-162.031565
2012,643, 99660,57.12574905,-170.2743152
2012,1190, 99661,55.349219227,-160.482860264
2012,534, 99662,61.8417859,-165.58274815
2012,449, 99663,59.438113456,-151.7145578
2012,5014, 99664,60.148658235,-149.43832737
2012,64, 99665,62.654633,-159.529193
2012,143, 99666,62.440625,-165.145536
2012,35, 99667,61.977743,-151.209743
2012,77, 99668,61.69381,-157.173009
2012,14178, 99669,60.455468456,-151.103112304
2012,57, 99670,58.712314,-157.007467
2012,576, 99671,63.5194452,-162.2877175
2012,3423, 99672,60.5358091,-150.7611904
2012,1315, 99674,61.767814283,-148.324580167
2012,1329, 99676,62.275869071,-150.090229606
2012,47, 99677,60.865356,-146.679707
2012,1021, 99678,59.0556881,-160.4253888
2012,433, 99679,61.104273,-160.937572
2012,409, 99680,60.3429941,-162.6757957
2012,312, 99681,60.5841,-165.253747
2012,465, 99682,61.08009,-151.136681
2012,604, 99683,62.315410133,-150.232025967
2012,743, 99684,63.877079,-160.792341
2012,4167, 99685,53.873766545,-166.526916927
2012,3976, 99686,61.127874045,-146.348090172
2012,2834, 99688,61.7380823,-150.0441674
2012,570, 99689,60.50594562,-143.7185025
2012,343, 99690,60.523716,-164.832582
2012,47, 99691,63.018642,-154.374007
2012,95, 99692,53.891739244,-166.540379256
2012,222, 99693,60.776188729,-148.685701753
2012,1438, 99694,61.603818,-149.760627
2012,0, 99695,55.918199,-159.493298
2012,18748, 99701,64.851828475,-147.782131617
2012,2628, 99702,64.67668125,-147.08321259
2012,6968, 99703,64.82922085,-147.6862944
2012,37, 99704,64.3265569,-149.186501
2012,23904, 99705,64.774316806,-147.385800003
2012,0, 99706,64.010439,-144.678662
2012,31235, 99709,64.845456223,-147.833722543
2012,11798, 99712,64.959038754,-147.652320133
2012,1164, 99714,64.506852692,-146.981695042
2012,126, 99720,66.556494,-152.673298
2012,344, 99721,68.1413944,-151.7359789
2012,104, 99722,68.091944,-145.604061
2012,4224, 99723,70.994752305,-156.773147816
2012,88, 99724,66.359887,-147.404091
2012,64, 99726,66.926196,-151.506653
2012,527, 99727,65.976729,-161.1268059
2012,180, 99729,63.390780275,-148.909372012
2012,122, 99730,65.649804,-145.587971
2012,0, 99732,64.0691952,-141.9403023
2012,74, 99733,65.824795,-144.063971
2012,831, 99734,70.2140336,-148.4193829
2012,87, 99736,66.0759829,-162.724115
2012,5012, 99737,64.012363065,-145.65206851
2012,155, 99738,64.636865,-141.249598
2012,354, 99739,64.617471,-162.255381
2012,517, 99740,66.5656039,-145.251084
2012,559, 99741,64.7462003,-156.8788758
2012,719, 99742,63.777201,-171.72571
2012,1013, 99743,63.873561425,-149.067865675
2012,208, 99744,64.346936,-149.189666
2012,80, 99745,66.044161,-154.255534
2012,352, 99746,65.701841,-156.38798
2012,258, 99747,70.1264348,-143.6117578
2012,193, 99748,64.327077,-158.728778
2012,348, 99749,66.973102,-160.435057
2012,453, 99750,67.727818,-164.539675
2012,121, 99751,66.907151,-156.874805
2012,3596, 99752,67.014700475,-161.72569895
2012,340, 99753,64.935024,-161.153163
2012,112, 99754,64.882096,-157.705532
2012,359, 99755,63.702752456,-148.866213178
2012,92, 99756,65.000255,-150.636608
2012,16, 99757,63.903291,-152.250165
2012,239, 99758,65.151781,-149.372384
2012,301, 99759,69.743712,-163.009654
2012,976, 99760,64.5628352,-149.094701417
2012,465, 99761,67.620987,-163.057973
2012,3980, 99762,65.2575929,-167.52815595
2012,708, 99763,66.833191,-161.044335
2012,322, 99764,62.981927,-141.904303
2012,289, 99765,64.728309,-158.109543
2012,894, 99766,68.348432,-166.732242
2012,20, 99767,65.5053,-150.1704389
2012,224, 99768,65.252842,-154.23329
2012,726, 99769,63.6961535,-170.473762
2012,688, 99770,66.598803,-160.009307
2012,233, 99771,64.363986,-161.205278
2012,633, 99772,66.25705,-166.064007
2012,368, 99773,66.888979,-157.144955
2012,61, 99774,66.023707,-149.080313
2012,1008, 99775,64.858760607,-147.832024609
2012,132, 99776,63.377774,-143.362346
2012,252, 99777,65.174467,-152.04096
2012,274, 99778,65.259552,-166.345853
2012,1569, 99780,63.278621,-143.0479201
2012,160, 99781,67.0088485,-146.3653941
2012,645, 99782,70.638448,-160.030835
2012,108, 99783,65.609169,-168.090348
2012,164, 99784,64.680871,-163.401724
2012,337, 99785,65.334003,-166.4893899
2012,240, 99786,67.0867899,-157.859619
2012,59, 99788,66.654593,-143.721566
2012,487, 99789,70.219948949,-151.000280826
2012,58, 99790,64.557419,-149.09376
2012,290, 99791,70.481593,-157.420517
2012,29356, 99801,58.351935152,-134.537944674
2012,427, 99820,57.5001298,-134.5783042
2012,2263, 99824,58.2764192,-134.3948977
2012,67, 99825,58.159987,-135.736378
2012,511, 99826,58.412011371,-135.732331557
2012,2629, 99827,59.2927777,-135.65406563
2012,760, 99829,58.11082185,-135.4454754
2012,413, 99830,56.974077,-133.939708
2012,110, 99832,57.959351,-136.227336
2012,3380, 99833,56.806453952,-132.958754941
2012,8909, 99835,57.062977563,-135.339565655
2012,29, 99836,56.248509,-134.649466
2012,1050, 99840,59.460331538,-135.312428262
2012,138, 99841,57.781251,-135.220879
2012,13577, 99901,55.36214108,-131.677405005
2012,7, 99903,55.7397974,-132.2612247
2012,102, 99918,56.011569,-132.8195749
2012,558, 99919,55.682518,-132.526113
2012,2031, 99921,55.474787697,-133.145670359
2012,411, 99922,55.207657,-132.825035
2012,77, 99923,55.91842988,-130.0269802
2012,673, 99925,55.55401105,-133.07758615
2012,1624, 99926,55.1243164,-131.5756596
2012,75, 99927,56.239062,-133.457924
2012,2361, 99929,56.471961275,-132.383417775
2012,465, 99761,67.620987,-163.057973
2012,3980, 99762,65.2575929,-167.52815595
2012,708, 99763,66.833191,-161.044335
2012,322, 99764,62.981927,-141.904303
2012,289, 99765,64.728309,-158.109543
2012,894, 99766,68.348432,-166.732242
2012,20, 99767,65.5053,-150.1704389
2012,224, 99768,65.252842,-154.23329
2012,726, 99769,63.6961535,-170.473762
2012,688, 99770,66.598803,-160.009307
2012,233, 99771,64.363986,-161.205278
2012,633, 99772,66.25705,-166.064007
2012,368, 99773,66.888979,-157.144955
2012,61, 99774,66.023707,-149.080313
2012,1008, 99775,64.858760607,-147.832024609
2012,132, 99776,63.377774,-143.362346
2012,252, 99777,65.174467,-152.04096
2012,274, 99778,65.259552,-166.345853
2012,1569, 99780,63.278621,-143.0479201
2012,160, 99781,67.0088485,-146.3653941
2012,645, 99782,70.638448,-160.030835
2012,108, 99783,65.609169,-168.090348
2012,164, 99784,64.680871,-163.401724
2012,337, 99785,65.334003,-166.4893899
2012,240, 99786,67.0867899,-157.859619
2012,59, 99788,66.654593,-143.721566
2012,487, 99789,70.219948949,-151.000280826
2012,58, 99790,64.557419,-149.09376
2012,290, 99791,70.481593,-157.420517
2012,29356, 99801,58.351935152,-134.537944674
2012,427, 99820,57.5001298,-134.5783042
2012,2263, 99824,58.2764192,-134.3948977
2012,67, 99825,58.159987,-135.736378
2012,511, 99826,58.412011371,-135.732331557
2012,2629, 99827,59.2927777,-135.65406563
2012,760, 99829,58.11082185,-135.4454754
2012,413, 99830,56.974077,-133.939708
2012,110, 99832,57.959351,-136.227336
2012,3380, 99833,56.806453952,-132.958754941
2012,8909, 99835,57.062977563,-135.339565655
2012,29, 99836,56.248509,-134.649466
2012,1050, 99840,59.460331538,-135.312428262
2012,138, 99841,57.781251,-135.220879
2012,13577, 99901,55.36214108,-131.677405005
2012,7, 99903,55.7397974,-132.2612247
2012,102, 99918,56.011569,-132.8195749
2012,558, 99919,55.682518,-132.526113
2012,2031, 99921,55.474787697,-133.145670359
2012,411, 99922,55.207657,-132.825035
2012,77, 99923,55.91842988,-130.0269802
2012,673, 99925,55.55401105,-133.07758615
2012,1624, 99926,55.1243164,-131.5756596
2012,75, 99927,56.239062,-133.457924
2012,2361, 99929,56.471961275,-132.383417775
2013,16521, 99501,61.216699936,-149.887149451
2013,24059, 99502,61.147456793,-150.017930994
2013,14042, 99503,61.188158621,-149.88892875
2013,40824, 99504,61.203789014,-149.738414768
2013,6649, 99505,61.2691163,-149.6392966
2013,7499, 99506,61.246102688,-149.799659762
2013,39015, 99507,61.153952257,-149.824124843
2013,36534, 99508,61.195030203,-149.820510407
2013,289, 99510,70.101885,-149.86736
2013,0, 99513,61.2150192,-149.8846222
2013,22821, 99515,61.125514184,-149.884246833
2013,20781, 99516,61.093320386,-149.786230121
2013,16442, 99517,61.181893837,-149.917245163
2013,10786, 99518,61.160728479,-149.8795102
2013,868, 99519,69.216237,-146.787467
2013,291, 99540,60.979559,-149.4771419
2013,108, 99546,51.8680049,-176.640263
2013,60, 99547,52.20335,-174.200129
2013,60, 99548,56.253889,-158.759314
2013,69, 99549,56.923918,-158.6207499
2013,238, 99550,57.8654,-152.882373
2013,606, 99551,60.9097355,-161.4360978
2013,392, 99552,60.91029,-161.223194
2013,951, 99553,54.1333426,-165.7751048
2013,675, 99554,62.686481,-164.663686
2013,208, 99555,59.264016,-158.62444
2013,2742, 99556,59.7753125,-151.7293557
2013,728, 99557,61.261349875,-155.04415125
2013,99, 99558,62.647966,-160.20171
2013,7769, 99559,60.7994306,-161.880423367
2013,493, 99561,60.15122,-164.251364
2013,1062, 99563,61.528133,-165.58826
2013,101, 99564,56.293063,-158.404856
2013,72, 99565,56.308844,-158.534916
2013,194, 99566,61.508079188,-144.0523608
2013,9544, 99567,61.419758112,-149.432086076
2013,197, 99568,60.225717,-151.398607
2013,84, 99569,58.813633,-158.560667
2013,101, 99571,55.22099275,-162.72403825
2013,227, 99572,60.507294325,-150.137730508
2013,816, 99573,61.89971504,-145.1930184
2013,2692, 99574,60.54174002,-145.730677972
2013,120, 99575,61.863735,-158.137345
2013,2400, 99576,59.029565933,-158.523278533
2013,27158, 99577,61.314408197,-149.549971675
2013,349, 99578,60.217841,-162.028428
2013,55, 99579,58.210803,-157.375135
2013,139, 99580,59.3496662,-157.4764907
2013,858, 99581,62.776820925,-164.52530285
2013,15, 99583,54.854405,-163.416393
2013,344, 99585,61.878744,-162.085849
2013,623, 99586,62.303594967,-145.287950933
2013,2278, 99587,60.960055639,-149.128916206
2013,854, 99588,61.868795523,-145.303510831
2013,331, 99589,59.118218,-161.5889
2013,171, 99590,62.905281,-160.066002
2013,62, 99591,56.601273,-169.546544
2013,221, 99602,62.187016,-159.856068
2013,9628, 99603,59.66593717,-151.468001189
2013,1222, 99604,61.526755,-166.107675
2013,119, 99605,60.9165581,-149.624282
2013,376, 99606,59.7372676,-154.884072
2013,231, 99607,61.757492,-159.783535
2013,532, 99609,60.873839,-162.51692
2013,2399, 99610,60.351092367,-151.2799939
2013,15779, 99611,60.55607394,-151.233940165
2013,831, 99612,55.058092329,-162.313700655
2013,310, 99613,58.97148284,-156.71258454
2013,644, 99614,59.938589,-164.037219
2013,13009, 99615,57.765947475,-152.434438812
2013,572, 99620,63.033332,-163.551424
2013,702, 99621,60.810771,-161.43384
2013,317, 99622,59.873557,-163.152607
2013,74, 99624,57.533668,-153.988133
2013,123, 99625,59.109785,-156.8651329
2013,297, 99626,61.514722,-160.359731
2013,429, 99627,62.95452295,-155.59251195
2013,588, 99628,58.975333,-159.019924
2013,190, 99630,60.387896,-166.188097
2013,464, 99631,60.517016,-149.456413
2013,760, 99632,61.3601743,-150.0082657
2013,600, 99633,58.738207,-156.966176
2013,364, 99634,60.694934,-161.983066
2013,563, 99636,59.450614,-157.318583
2013,671, 99637,60.532722,-165.108508
2013,39, 99638,52.938955,-168.861719
2013,912, 99639,60.03796785,-151.651155975
2013,192, 99640,59.967872,-154.851893
2013,420, 99641,60.8969444,-162.4594444
2013,229, 99643,57.20696,-153.297949
2013,300, 99644,57.9231482,-152.5001318
2013,26202, 99645,61.615415638,-149.116616326
2013,26, 99647,59.772581,-154.1571559
2013,123, 99648,55.911308,-159.152263
2013,58, 99649,57.56522,-157.57175
2013,521, 99650,61.939624,-162.883824
2013,62, 99651,59.011633,-161.817384
2013,4347, 99652,61.53919515,-149.973461
2013,138, 99653,60.201368,-154.317794
2013,53456, 99654,61.581825129,-149.442223577
2013,596, 99655,59.750664,-161.90377
2013,32, 99656,61.780278,-157.3344789
2013,360, 99657,61.858474,-161.381221
2013,678, 99658,62.051689,-163.183855
2013,385, 99659,63.47962,-162.031565
2013,675, 99660,57.12574905,-170.2743152
2013,1243, 99661,55.349219227,-160.482860264
2013,491, 99662,61.8417859,-165.58274815
2013,491, 99663,59.438113456,-151.7145578
2013,5073, 99664,60.148658235,-149.43832737
2013,74, 99665,62.654633,-159.529193
2013,135, 99666,62.440625,-165.145536
2013,50, 99667,61.977743,-151.209743
2013,85, 99668,61.69381,-157.173009
2013,14572, 99669,60.455468456,-151.103112304
2013,57, 99670,58.712314,-157.007467
2013,591, 99671,63.5194452,-162.2877175
2013,3157, 99672,60.5358091,-150.7611904
2013,1207, 99674,61.767814283,-148.324580167
2013,1392, 99676,62.275869071,-150.090229606
2013,62, 99677,60.865356,-146.679707
2013,941, 99678,59.0556881,-160.4253888
2013,418, 99679,61.104273,-160.937572
2013,376, 99680,60.3429941,-162.6757957
2013,277, 99681,60.5841,-165.253747
2013,403, 99682,61.08009,-151.136681
2013,591, 99683,62.315410133,-150.232025967
2013,699, 99684,63.877079,-160.792341
2013,4207, 99685,53.873766545,-166.526916927
2013,4000, 99686,61.127874045,-146.348090172
2013,2663, 99688,61.7380823,-150.0441674
2013,569, 99689,60.50594562,-143.7185025
2013,331, 99690,60.523716,-164.832582
2013,66, 99691,63.018642,-154.374007
2013,155, 99692,53.891739244,-166.540379256
2013,244, 99693,60.776188729,-148.685701753
2013,1457, 99694,61.603818,-149.760627
2013,0, 99695,55.918199,-159.493298
2013,19067, 99701,64.851828475,-147.782131617
2013,2584, 99702,64.67668125,-147.08321259
2013,7348, 99703,64.82922085,-147.6862944
2013,30, 99704,64.3265569,-149.186501
2013,24098, 99705,64.774316806,-147.385800003
2013,0, 99706,64.010439,-144.678662
2013,31376, 99709,64.845456223,-147.833722543
2013,11945, 99712,64.959038754,-147.652320133
2013,1025, 99714,64.506852692,-146.981695042
2013,137, 99720,66.556494,-152.673298
2013,304, 99721,68.1413944,-151.7359789
2013,127, 99722,68.091944,-145.604061
2013,4303, 99723,70.994752305,-156.773147816
2013,98, 99724,66.359887,-147.404091
2013,38, 99726,66.926196,-151.506653
2013,577, 99727,65.976729,-161.1268059
2013,195, 99729,63.390780275,-148.909372012
2013,124, 99730,65.649804,-145.587971
2013,0, 99732,64.0691952,-141.9403023
2013,103, 99733,65.824795,-144.063971
2013,1250, 99734,70.2140336,-148.4193829
2013,97, 99736,66.0759829,-162.724115
2013,4964, 99737,64.012363065,-145.65206851
2013,131, 99738,64.636865,-141.249598
2013,358, 99739,64.617471,-162.255381
2013,516, 99740,66.5656039,-145.251084
2013,566, 99741,64.7462003,-156.8788758
2013,757, 99742,63.777201,-171.72571
2013,1109, 99743,63.873561425,-149.067865675
2013,188, 99744,64.346936,-149.189666
2013,61, 99745,66.044161,-154.255534
2013,336, 99746,65.701841,-156.38798
2013,208, 99747,70.1264348,-143.6117578
2013,196, 99748,64.327077,-158.728778
2013,391, 99749,66.973102,-160.435057
2013,448, 99750,67.727818,-164.539675
2013,130, 99751,66.907151,-156.874805
2013,3503, 99752,67.014700475,-161.72569895
2013,279, 99753,64.935024,-161.153163
2013,104, 99754,64.882096,-157.705532
2013,422, 99755,63.702752456,-148.866213178
2013,79, 99756,65.000255,-150.636608
2013,19, 99757,63.903291,-152.250165
2013,217, 99758,65.151781,-149.372384
2013,274, 99759,69.743712,-163.009654
2013,908, 99760,64.5628352,-149.094701417
2013,442, 99761,67.620987,-163.057973
2013,4008, 99762,65.2575929,-167.52815595
2013,692, 99763,66.833191,-161.044335
2013,271, 99764,62.981927,-141.904303
2013,278, 99765,64.728309,-158.109543
2013,718, 99766,68.348432,-166.732242
2013,20, 99767,65.5053,-150.1704389
2013,209, 99768,65.252842,-154.23329
2013,828, 99769,63.6961535,-170.473762
2013,693, 99770,66.598803,-160.009307
2013,209, 99771,64.363986,-161.205278
2013,623, 99772,66.25705,-166.064007
2013,361, 99773,66.888979,-157.144955
2013,66, 99774,66.023707,-149.080313
2013,1146, 99775,64.858760607,-147.832024609
2013,116, 99776,63.377774,-143.362346
2013,261, 99777,65.174467,-152.04096
2013,267, 99778,65.259552,-166.345853
2013,1783, 99780,63.278621,-143.0479201
2013,168, 99781,67.0088485,-146.3653941
2013,540, 99782,70.638448,-160.030835
2013,118, 99783,65.609169,-168.090348
2013,166, 99784,64.680871,-163.401724
2013,407, 99785,65.334003,-166.4893899
2013,290, 99786,67.0867899,-157.859619
2013,65, 99788,66.654593,-143.721566
2013,405, 99789,70.219948949,-151.000280826
2013,43, 99790,64.557419,-149.09376
2013,276, 99791,70.481593,-157.420517
2013,29639, 99801,58.351935152,-134.537944674
2013,457, 99820,57.5001298,-134.5783042
2013,2242, 99824,58.2764192,-134.3948977
2013,91, 99825,58.159987,-135.736378
2013,538, 99826,58.412011371,-135.732331557
2013,2656, 99827,59.2927777,-135.65406563
2013,775, 99829,58.11082185,-135.4454754
2013,487, 99830,56.974077,-133.939708
2013,64, 99832,57.959351,-136.227336
2013,3277, 99833,56.806453952,-132.958754941
2013,8945, 99835,57.062977563,-135.339565655
2013,42, 99836,56.248509,-134.649466
2013,1080, 99840,59.460331538,-135.312428262
2013,106, 99841,57.781251,-135.220879
2013,13651, 99901,55.36214108,-131.677405005
2013,30, 99903,55.7397974,-132.2612247
2013,130, 99918,56.011569,-132.8195749
2013,528, 99919,55.682518,-132.526113
2013,2104, 99921,55.474787697,-133.145670359
2013,364, 99922,55.207657,-132.825035
2013,81, 99923,55.91842988,-130.0269802
2013,668, 99925,55.55401105,-133.07758615
2013,1630, 99926,55.1243164,-131.5756596
2013,111, 99927,56.239062,-133.457924
2013,2341, 99929,56.471961275,-132.383417775
2013,442, 99761,67.620987,-163.057973
2013,4008, 99762,65.2575929,-167.52815595
2013,692, 99763,66.833191,-161.044335
2013,271, 99764,62.981927,-141.904303
2013,278, 99765,64.728309,-158.109543
2013,718, 99766,68.348432,-166.732242
2013,20, 99767,65.5053,-150.1704389
2013,209, 99768,65.252842,-154.23329
2013,828, 99769,63.6961535,-170.473762
2013,693, 99770,66.598803,-160.009307
2013,209, 99771,64.363986,-161.205278
2013,623, 99772,66.25705,-166.064007
2013,361, 99773,66.888979,-157.144955
2013,66, 99774,66.023707,-149.080313
2013,1146, 99775,64.858760607,-147.832024609
2013,116, 99776,63.377774,-143.362346
2013,261, 99777,65.174467,-152.04096
2013,267, 99778,65.259552,-166.345853
2013,1783, 99780,63.278621,-143.0479201
2013,168, 99781,67.0088485,-146.3653941
2013,540, 99782,70.638448,-160.030835
2013,118, 99783,65.609169,-168.090348
2013,166, 99784,64.680871,-163.401724
2013,407, 99785,65.334003,-166.4893899
2013,290, 99786,67.0867899,-157.859619
2013,65, 99788,66.654593,-143.721566
2013,405, 99789,70.219948949,-151.000280826
2013,43, 99790,64.557419,-149.09376
2013,276, 99791,70.481593,-157.420517
2013,29639, 99801,58.351935152,-134.537944674
2013,457, 99820,57.5001298,-134.5783042
2013,2242, 99824,58.2764192,-134.3948977
2013,91, 99825,58.159987,-135.736378
2013,538, 99826,58.412011371,-135.732331557
2013,2656, 99827,59.2927777,-135.65406563
2013,775, 99829,58.11082185,-135.4454754
2013,487, 99830,56.974077,-133.939708
2013,64, 99832,57.959351,-136.227336
2013,3277, 99833,56.806453952,-132.958754941
2013,8945, 99835,57.062977563,-135.339565655
2013,42, 99836,56.248509,-134.649466
2013,1080, 99840,59.460331538,-135.312428262
2013,106, 99841,57.781251,-135.220879
2013,13651, 99901,55.36214108,-131.677405005
2013,30, 99903,55.7397974,-132.2612247
2013,130, 99918,56.011569,-132.8195749
2013,528, 99919,55.682518,-132.526113
2013,2104, 99921,55.474787697,-133.145670359
2013,364, 99922,55.207657,-132.825035
2013,81, 99923,55.91842988,-130.0269802
2013,668, 99925,55.55401105,-133.07758615
2013,1630, 99926,55.1243164,-131.5756596
2013,111, 99927,56.239062,-133.457924
2013,2341, 99929,56.471961275,-132.383417775
2014,16976, 99501,61.216699936,-149.887149451
2014,24012, 99502,61.147456793,-150.017930994
2014,14661, 99503,61.188158621,-149.88892875
2014,41365, 99504,61.203789014,-149.738414768
2014,6766, 99505,61.2691163,-149.6392966
2014,7531, 99506,61.246102688,-149.799659762
2014,39555, 99507,61.153952257,-149.824124843
2014,35135, 99508,61.195030203,-149.820510407
2014,315, 99510,70.101885,-149.86736
2014,0, 99513,61.2150192,-149.8846222
2014,22530, 99515,61.125514184,-149.884246833
2014,21671, 99516,61.093320386,-149.786230121
2014,16797, 99517,61.181893837,-149.917245163
2014,10321, 99518,61.160728479,-149.8795102
2014,1005, 99519,69.216237,-146.787467
2014,324, 99540,60.979559,-149.4771419
2014,114, 99546,51.8680049,-176.640263
2014,66, 99547,52.20335,-174.200129
2014,58, 99548,56.253889,-158.759314
2014,84, 99549,56.923918,-158.6207499
2014,230, 99550,57.8654,-152.882373
2014,590, 99551,60.9097355,-161.4360978
2014,407, 99552,60.91029,-161.223194
2014,896, 99553,54.1333426,-165.7751048
2014,733, 99554,62.686481,-164.663686
2014,231, 99555,59.264016,-158.62444
2014,2710, 99556,59.7753125,-151.7293557
2014,714, 99557,61.261349875,-155.04415125
2014,86, 99558,62.647966,-160.20171
2014,7808, 99559,60.7994306,-161.880423367
2014,474, 99561,60.15122,-164.251364
2014,986, 99563,61.528133,-165.58826
2014,86, 99564,56.293063,-158.404856
2014,60, 99565,56.308844,-158.534916
2014,213, 99566,61.508079188,-144.0523608
2014,10090, 99567,61.419758112,-149.432086076
2014,224, 99568,60.225717,-151.398607
2014,75, 99569,58.813633,-158.560667
2014,83, 99571,55.22099275,-162.72403825
2014,323, 99572,60.507294325,-150.137730508
2014,794, 99573,61.89971504,-145.1930184
2014,2721, 99574,60.54174002,-145.730677972
2014,104, 99575,61.863735,-158.137345
2014,2445, 99576,59.029565933,-158.523278533
2014,27955, 99577,61.314408197,-149.549971675
2014,425, 99578,60.217841,-162.028428
2014,74, 99579,58.210803,-157.375135
2014,100, 99580,59.3496662,-157.4764907
2014,819, 99581,62.776820925,-164.52530285
2014,31, 99583,54.854405,-163.416393
2014,320, 99585,61.878744,-162.085849
2014,519, 99586,62.303594967,-145.287950933
2014,2446, 99587,60.960055639,-149.128916206
2014,879, 99588,61.868795523,-145.303510831
2014,237, 99589,59.118218,-161.5889
2014,151, 99590,62.905281,-160.066002
2014,33, 99591,56.601273,-169.546544
2014,209, 99602,62.187016,-159.856068
2014,9894, 99603,59.66593717,-151.468001189
2014,1259, 99604,61.526755,-166.107675
2014,89, 99605,60.9165581,-149.624282
2014,369, 99606,59.7372676,-154.884072
2014,257, 99607,61.757492,-159.783535
2014,537, 99609,60.873839,-162.51692
2014,2340, 99610,60.351092367,-151.2799939
2014,15549, 99611,60.55607394,-151.233940165
2014,900, 99612,55.058092329,-162.313700655
2014,375, 99613,58.97148284,-156.71258454
2014,700, 99614,59.938589,-164.037219
2014,13096, 99615,57.765947475,-152.434438812
2014,636, 99620,63.033332,-163.551424
2014,763, 99621,60.810771,-161.43384
2014,325, 99622,59.873557,-163.152607
2014,52, 99624,57.533668,-153.988133
2014,131, 99625,59.109785,-156.8651329
2014,334, 99626,61.514722,-160.359731
2014,401, 99627,62.95452295,-155.59251195
2014,673, 99628,58.975333,-159.019924
2014,177, 99630,60.387896,-166.188097
2014,464, 99631,60.517016,-149.456413
2014,781, 99632,61.3601743,-150.0082657
2014,600, 99633,58.738207,-156.966176
2014,365, 99634,60.694934,-161.983066
2014,574, 99636,59.450614,-157.318583
2014,650, 99637,60.532722,-165.108508
2014,34, 99638,52.938955,-168.861719
2014,956, 99639,60.03796785,-151.651155975
2014,220, 99640,59.967872,-154.851893
2014,459, 99641,60.8969444,-162.4594444
2014,268, 99643,57.20696,-153.297949
2014,278, 99644,57.9231482,-152.5001318
2014,26573, 99645,61.615415638,-149.116616326
2014,22, 99647,59.772581,-154.1571559
2014,116, 99648,55.911308,-159.152263
2014,60, 99649,57.56522,-157.57175
2014,567, 99650,61.939624,-162.883824
2014,42, 99651,59.011633,-161.817384
2014,4235, 99652,61.53919515,-149.973461
2014,147, 99653,60.201368,-154.317794
2014,55319, 99654,61.581825129,-149.442223577
2014,616, 99655,59.750664,-161.90377
2014,32, 99656,61.780278,-157.3344789
2014,404, 99657,61.858474,-161.381221
2014,687, 99658,62.051689,-163.183855
2014,406, 99659,63.47962,-162.031565
2014,612, 99660,57.12574905,-170.2743152
2014,1386, 99661,55.349219227,-160.482860264
2014,454, 99662,61.8417859,-165.58274815
2014,486, 99663,59.438113456,-151.7145578
2014,5255, 99664,60.148658235,-149.43832737
2014,58, 99665,62.654633,-159.529193
2014,132, 99666,62.440625,-165.145536
2014,61, 99667,61.977743,-151.209743
2014,98, 99668,61.69381,-157.173009
2014,14174, 99669,60.455468456,-151.103112304
2014,60, 99670,58.712314,-157.007467
2014,538, 99671,63.5194452,-162.2877175
2014,3820, 99672,60.5358091,-150.7611904
2014,1241, 99674,61.767814283,-148.324580167
2014,1383, 99676,62.275869071,-150.090229606
2014,69, 99677,60.865356,-146.679707
2014,858, 99678,59.0556881,-160.4253888
2014,421, 99679,61.104273,-160.937572
2014,437, 99680,60.3429941,-162.6757957
2014,297, 99681,60.5841,-165.253747
2014,403, 99682,61.08009,-151.136681
2014,544, 99683,62.315410133,-150.232025967
2014,716, 99684,63.877079,-160.792341
2014,4321, 99685,53.873766545,-166.526916927
2014,4007, 99686,61.127874045,-146.348090172
2014,2645, 99688,61.7380823,-150.0441674
2014,587, 99689,60.50594562,-143.7185025
2014,281, 99690,60.523716,-164.832582
2014,75, 99691,63.018642,-154.374007
2014,215, 99692,53.891739244,-166.540379256
2014,252, 99693,60.776188729,-148.685701753
2014,1678, 99694,61.603818,-149.760627
2014,0, 99695,55.918199,-159.493298
2014,18575, 99701,64.851828475,-147.782131617
2014,2647, 99702,64.67668125,-147.08321259
2014,7764, 99703,64.82922085,-147.6862944
2014,20, 99704,64.3265569,-149.186501
2014,24311, 99705,64.774316806,-147.385800003
2014,0, 99706,64.010439,-144.678662
2014,31658, 99709,64.845456223,-147.833722543
2014,12134, 99712,64.959038754,-147.652320133
2014,1084, 99714,64.506852692,-146.981695042
2014,145, 99720,66.556494,-152.673298
2014,233, 99721,68.1413944,-151.7359789
2014,118, 99722,68.091944,-145.604061
2014,4321, 99723,70.994752305,-156.773147816
2014,86, 99724,66.359887,-147.404091
2014,32, 99726,66.926196,-151.506653
2014,582, 99727,65.976729,-161.1268059
2014,197, 99729,63.390780275,-148.909372012
2014,110, 99730,65.649804,-145.587971
2014,0, 99732,64.0691952,-141.9403023
2014,103, 99733,65.824795,-144.063971
2014,1566, 99734,70.2140336,-148.4193829
2014,128, 99736,66.0759829,-162.724115
2014,5037, 99737,64.012363065,-145.65206851
2014,85, 99738,64.636865,-141.249598
2014,319, 99739,64.617471,-162.255381
2014,522, 99740,66.5656039,-145.251084
2014,539, 99741,64.7462003,-156.8788758
2014,702, 99742,63.777201,-171.72571
2014,1159, 99743,63.873561425,-149.067865675
2014,192, 99744,64.346936,-149.189666
2014,63, 99745,66.044161,-154.255534
2014,388, 99746,65.701841,-156.38798
2014,176, 99747,70.1264348,-143.6117578
2014,200, 99748,64.327077,-158.728778
2014,371, 99749,66.973102,-160.435057
2014,532, 99750,67.727818,-164.539675
2014,159, 99751,66.907151,-156.874805
2014,3428, 99752,67.014700475,-161.72569895
2014,265, 99753,64.935024,-161.153163
2014,89, 99754,64.882096,-157.705532
2014,429, 99755,63.702752456,-148.866213178
2014,80, 99756,65.000255,-150.636608
2014,23, 99757,63.903291,-152.250165
2014,252, 99758,65.151781,-149.372384
2014,246, 99759,69.743712,-163.009654
2014,851, 99760,64.5628352,-149.094701417
2014,452, 99761,67.620987,-163.057973
2014,4084, 99762,65.2575929,-167.52815595
2014,598, 99763,66.833191,-161.044335
2014,305, 99764,62.981927,-141.904303
2014,272, 99765,64.728309,-158.109543
2014,628, 99766,68.348432,-166.732242
2014,15, 99767,65.5053,-150.1704389
2014,208, 99768,65.252842,-154.23329
2014,872, 99769,63.6961535,-170.473762
2014,754, 99770,66.598803,-160.009307
2014,212, 99771,64.363986,-161.205278
2014,699, 99772,66.25705,-166.064007
2014,308, 99773,66.888979,-157.144955
2014,69, 99774,66.023707,-149.080313
2014,1179, 99775,64.858760607,-147.832024609
2014,154, 99776,63.377774,-143.362346
2014,248, 99777,65.174467,-152.04096
2014,227, 99778,65.259552,-166.345853
2014,1724, 99780,63.278621,-143.0479201
2014,171, 99781,67.0088485,-146.3653941
2014,482, 99782,70.638448,-160.030835
2014,165, 99783,65.609169,-168.090348
2014,148, 99784,64.680871,-163.401724
2014,439, 99785,65.334003,-166.4893899
2014,329, 99786,67.0867899,-157.859619
2014,85, 99788,66.654593,-143.721566
2014,371, 99789,70.219948949,-151.000280826
2014,20, 99790,64.557419,-149.09376
2014,219, 99791,70.481593,-157.420517
2014,29855, 99801,58.351935152,-134.537944674
2014,425, 99820,57.5001298,-134.5783042
2014,2328, 99824,58.2764192,-134.3948977
2014,109, 99825,58.159987,-135.736378
2014,529, 99826,58.412011371,-135.732331557
2014,2623, 99827,59.2927777,-135.65406563
2014,818, 99829,58.11082185,-135.4454754
2014,592, 99830,56.974077,-133.939708
2014,62, 99832,57.959351,-136.227336
2014,3212, 99833,56.806453952,-132.958754941
2014,8957, 99835,57.062977563,-135.339565655
2014,30, 99836,56.248509,-134.649466
2014,996, 99840,59.460331538,-135.312428262
2014,117, 99841,57.781251,-135.220879
2014,13694, 99901,55.36214108,-131.677405005
2014,29, 99903,55.7397974,-132.2612247
2014,141, 99918,56.011569,-132.8195749
2014,603, 99919,55.682518,-132.526113
2014,2123, 99921,55.474787697,-133.145670359
2014,356, 99922,55.207657,-132.825035
2014,12, 99923,55.91842988,-130.0269802
2014,728, 99925,55.55401105,-133.07758615
2014,1622, 99926,55.1243164,-131.5756596
2014,131, 99927,56.239062,-133.457924
2014,2354, 99929,56.471961275,-132.383417775
2014,452, 99761,67.620987,-163.057973
2014,4084, 99762,65.2575929,-167.52815595
2014,598, 99763,66.833191,-161.044335
2014,305, 99764,62.981927,-141.904303
2014,272, 99765,64.728309,-158.109543
2014,628, 99766,68.348432,-166.732242
2014,15, 99767,65.5053,-150.1704389
2014,208, 99768,65.252842,-154.23329
2014,872, 99769,63.6961535,-170.473762
2014,754, 99770,66.598803,-160.009307
2014,212, 99771,64.363986,-161.205278
2014,699, 99772,66.25705,-166.064007
2014,308, 99773,66.888979,-157.144955
2014,69, 99774,66.023707,-149.080313
2014,1179, 99775,64.858760607,-147.832024609
2014,154, 99776,63.377774,-143.362346
2014,248, 99777,65.174467,-152.04096
2014,227, 99778,65.259552,-166.345853
2014,1724, 99780,63.278621,-143.0479201
2014,171, 99781,67.0088485,-146.3653941
2014,482, 99782,70.638448,-160.030835
2014,165, 99783,65.609169,-168.090348
2014,148, 99784,64.680871,-163.401724
2014,439, 99785,65.334003,-166.4893899
2014,329, 99786,67.0867899,-157.859619
2014,85, 99788,66.654593,-143.721566
2014,371, 99789,70.219948949,-151.000280826
2014,20, 99790,64.557419,-149.09376
2014,219, 99791,70.481593,-157.420517
2014,29855, 99801,58.351935152,-134.537944674
2014,425, 99820,57.5001298,-134.5783042
2014,2328, 99824,58.2764192,-134.3948977
2014,109, 99825,58.159987,-135.736378
2014,529, 99826,58.412011371,-135.732331557
2014,2623, 99827,59.2927777,-135.65406563
2014,818, 99829,58.11082185,-135.4454754
2014,592, 99830,56.974077,-133.939708
2014,62, 99832,57.959351,-136.227336
2014,3212, 99833,56.806453952,-132.958754941
2014,8957, 99835,57.062977563,-135.339565655
2014,30, 99836,56.248509,-134.649466
2014,996, 99840,59.460331538,-135.312428262
2014,117, 99841,57.781251,-135.220879
2014,13694, 99901,55.36214108,-131.677405005
2014,29, 99903,55.7397974,-132.2612247
2014,141, 99918,56.011569,-132.8195749
2014,603, 99919,55.682518,-132.526113
2014,2123, 99921,55.474787697,-133.145670359
2014,356, 99922,55.207657,-132.825035
2014,12, 99923,55.91842988,-130.0269802
2014,728, 99925,55.55401105,-133.07758615
2014,1622, 99926,55.1243164,-131.5756596
2014,131, 99927,56.239062,-133.457924
2014,2354, 99929,56.471961275,-132.383417775
2015,17213, 99501,61.216699936,-149.887149451
2015,23649, 99502,61.147456793,-150.017930994
2015,14107, 99503,61.188158621,-149.88892875
2015,42189, 99504,61.203789014,-149.738414768
2015,6479, 99505,61.2691163,-149.6392966
2015,7541, 99506,61.246102688,-149.799659762
2015,40013, 99507,61.153952257,-149.824124843
2015,35437, 99508,61.195030203,-149.820510407
2015,332, 99510,70.101885,-149.86736
2015,0, 99513,61.2150192,-149.8846222
2015,22661, 99515,61.125514184,-149.884246833
2015,21459, 99516,61.093320386,-149.786230121
2015,16809, 99517,61.181893837,-149.917245163
2015,10285, 99518,61.160728479,-149.8795102
2015,589, 99519,69.216237,-146.787467
2015,374, 99540,60.979559,-149.4771419
2015,122, 99546,51.8680049,-176.640263
2015,66, 99547,52.20335,-174.200129
2015,70, 99548,56.253889,-158.759314
2015,81, 99549,56.923918,-158.6207499
2015,231, 99550,57.8654,-152.882373
2015,562, 99551,60.9097355,-161.4360978
2015,399, 99552,60.91029,-161.223194
2015,899, 99553,54.1333426,-165.7751048
2015,777, 99554,62.686481,-164.663686
2015,199, 99555,59.264016,-158.62444
2015,2497, 99556,59.7753125,-151.7293557
2015,696, 99557,61.261349875,-155.04415125
2015,87, 99558,62.647966,-160.20171
2015,7869, 99559,60.7994306,-161.880423367
2015,516, 99561,60.15122,-164.251364
2015,1082, 99563,61.528133,-165.58826
2015,70, 99564,56.293063,-158.404856
2015,73, 99565,56.308844,-158.534916
2015,189, 99566,61.508079188,-144.0523608
2015,9853, 99567,61.419758112,-149.432086076
2015,275, 99568,60.225717,-151.398607
2015,56, 99569,58.813633,-158.560667
2015,88, 99571,55.22099275,-162.72403825
2015,457, 99572,60.507294325,-150.137730508
2015,799, 99573,61.89971504,-145.1930184
2015,2696, 99574,60.54174002,-145.730677972
2015,98, 99575,61.863735,-158.137345
2015,2464, 99576,59.029565933,-158.523278533
2015,28565, 99577,61.314408197,-149.549971675
2015,455, 99578,60.217841,-162.028428
2015,68, 99579,58.210803,-157.375135
2015,78, 99580,59.3496662,-157.4764907
2015,835, 99581,62.776820925,-164.52530285
2015,37, 99583,54.854405,-163.416393
2015,350, 99585,61.878744,-162.085849
2015,463, 99586,62.303594967,-145.287950933
2015,2255, 99587,60.960055639,-149.128916206
2015,936, 99588,61.868795523,-145.303510831
2015,230, 99589,59.118218,-161.5889
2015,171, 99590,62.905281,-160.066002
2015,53, 99591,56.601273,-169.546544
2015,214, 99602,62.187016,-159.856068
2015,10130, 99603,59.66593717,-151.468001189
2015,1140, 99604,61.526755,-166.107675
2015,65, 99605,60.9165581,-149.624282
2015,382, 99606,59.7372676,-154.884072
2015,284, 99607,61.757492,-159.783535
2015,599, 99609,60.873839,-162.51692
2015,2326, 99610,60.351092367,-151.2799939
2015,15811, 99611,60.55607394,-151.233940165
2015,1074, 99612,55.058092329,-162.313700655
2015,392, 99613,58.97148284,-156.71258454
2015,686, 99614,59.938589,-164.037219
2015,13197, 99615,57.765947475,-152.434438812
2015,643, 99620,63.033332,-163.551424
2015,824, 99621,60.810771,-161.43384
2015,331, 99622,59.873557,-163.152607
2015,61, 99624,57.533668,-153.988133
2015,114, 99625,59.109785,-156.8651329
2015,312, 99626,61.514722,-160.359731
2015,397, 99627,62.95452295,-155.59251195
2015,691, 99628,58.975333,-159.019924
2015,174, 99630,60.387896,-166.188097
2015,428, 99631,60.517016,-149.456413
2015,749, 99632,61.3601743,-150.0082657
2015,567, 99633,58.738207,-156.966176
2015,352, 99634,60.694934,-161.983066
2015,609, 99636,59.450614,-157.318583
2015,549, 99637,60.532722,-165.108508
2015,37, 99638,52.938955,-168.861719
2015,966, 99639,60.03796785,-151.651155975
2015,187, 99640,59.967872,-154.851893
2015,554, 99641,60.8969444,-162.4594444
2015,249, 99643,57.20696,-153.297949
2015,235, 99644,57.9231482,-152.5001318
2015,27818, 99645,61.615415638,-149.116616326
2015,12, 99647,59.772581,-154.1571559
2015,98, 99648,55.911308,-159.152263
2015,65, 99649,57.56522,-157.57175
2015,582, 99650,61.939624,-162.883824
2015,42, 99651,59.011633,-161.817384
2015,4059, 99652,61.53919515,-149.973461
2015,147, 99653,60.201368,-154.317794
2015,56325, 99654,61.581825129,-149.442223577
2015,661, 99655,59.750664,-161.90377
2015,22, 99656,61.780278,-157.3344789
2015,410, 99657,61.858474,-161.381221
2015,719, 99658,62.051689,-163.183855
2015,396, 99659,63.47962,-162.031565
2015,576, 99660,57.12574905,-170.2743152
2015,1206, 99661,55.349219227,-160.482860264
2015,498, 99662,61.8417859,-165.58274815
2015,475, 99663,59.438113456,-151.7145578
2015,4892, 99664,60.148658235,-149.43832737
2015,43, 99665,62.654633,-159.529193
2015,129, 99666,62.440625,-165.145536
2015,71, 99667,61.977743,-151.209743
2015,94, 99668,61.69381,-157.173009
2015,14464, 99669,60.455468456,-151.103112304
2015,63, 99670,58.712314,-157.007467
2015,547, 99671,63.5194452,-162.2877175
2015,4035, 99672,60.5358091,-150.7611904
2015,1370, 99674,61.767814283,-148.324580167
2015,1372, 99676,62.275869071,-150.090229606
2015,86, 99677,60.865356,-146.679707
2015,882, 99678,59.0556881,-160.4253888
2015,436, 99679,61.104273,-160.937572
2015,466, 99680,60.3429941,-162.6757957
2015,294, 99681,60.5841,-165.253747
2015,400, 99682,61.08009,-151.136681
2015,529, 99683,62.315410133,-150.232025967
2015,720, 99684,63.877079,-160.792341
2015,4386, 99685,53.873766545,-166.526916927
2015,3982, 99686,61.127874045,-146.348090172
2015,2837, 99688,61.7380823,-150.0441674
2015,597, 99689,60.50594562,-143.7185025
2015,259, 99690,60.523716,-164.832582
2015,113, 99691,63.018642,-154.374007
2015,233, 99692,53.891739244,-166.540379256
2015,299, 99693,60.776188729,-148.685701753
2015,1608, 99694,61.603818,-149.760627
2015,0, 99695,55.918199,-159.493298
2015,18900, 99701,64.851828475,-147.782131617
2015,2630, 99702,64.67668125,-147.08321259
2015,7726, 99703,64.82922085,-147.6862944
2015,41, 99704,64.3265569,-149.186501
2015,24421, 99705,64.774316806,-147.385800003
2015,0, 99706,64.010439,-144.678662
2015,31594, 99709,64.845456223,-147.833722543
2015,12016, 99712,64.959038754,-147.652320133
2015,1102, 99714,64.506852692,-146.981695042
2015,145, 99720,66.556494,-152.673298
2015,247, 99721,68.1413944,-151.7359789
2015,138, 99722,68.091944,-145.604061
2015,4351, 99723,70.994752305,-156.773147816
2015,60, 99724,66.359887,-147.404091
2015,38, 99726,66.926196,-151.506653
2015,596, 99727,65.976729,-161.1268059
2015,222, 99729,63.390780275,-148.909372012
2015,59, 99730,65.649804,-145.587971
2015,0, 99732,64.0691952,-141.9403023
2015,118, 99733,65.824795,-144.063971
2015,2122, 99734,70.2140336,-148.4193829
2015,144, 99736,66.0759829,-162.724115
2015,5005, 99737,64.012363065,-145.65206851
2015,106, 99738,64.636865,-141.249598
2015,328, 99739,64.617471,-162.255381
2015,565, 99740,66.5656039,-145.251084
2015,554, 99741,64.7462003,-156.8788758
2015,718, 99742,63.777201,-171.72571
2015,1130, 99743,63.873561425,-149.067865675
2015,160, 99744,64.346936,-149.189666
2015,62, 99745,66.044161,-154.255534
2015,429, 99746,65.701841,-156.38798
2015,155, 99747,70.1264348,-143.6117578
2015,192, 99748,64.327077,-158.728778
2015,380, 99749,66.973102,-160.435057
2015,576, 99750,67.727818,-164.539675
2015,159, 99751,66.907151,-156.874805
2015,3381, 99752,67.014700475,-161.72569895
2015,272, 99753,64.935024,-161.153163
2015,80, 99754,64.882096,-157.705532
2015,514, 99755,63.702752456,-148.866213178
2015,89, 99756,65.000255,-150.636608
2015,24, 99757,63.903291,-152.250165
2015,257, 99758,65.151781,-149.372384
2015,285, 99759,69.743712,-163.009654
2015,691, 99760,64.5628352,-149.094701417
2015,443, 99761,67.620987,-163.057973
2015,4146, 99762,65.2575929,-167.52815595
2015,608, 99763,66.833191,-161.044335
2015,346, 99764,62.981927,-141.904303
2015,285, 99765,64.728309,-158.109543
2015,562, 99766,68.348432,-166.732242
2015,7, 99767,65.5053,-150.1704389
2015,202, 99768,65.252842,-154.23329
2015,883, 99769,63.6961535,-170.473762
2015,794, 99770,66.598803,-160.009307
2015,223, 99771,64.363986,-161.205278
2015,640, 99772,66.25705,-166.064007
2015,342, 99773,66.888979,-157.144955
2015,25, 99774,66.023707,-149.080313
2015,1346, 99775,64.858760607,-147.832024609
2015,120, 99776,63.377774,-143.362346
2015,277, 99777,65.174467,-152.04096
2015,205, 99778,65.259552,-166.345853
2015,1660, 99780,63.278621,-143.0479201
2015,177, 99781,67.0088485,-146.3653941
2015,458, 99782,70.638448,-160.030835
2015,155, 99783,65.609169,-168.090348
2015,179, 99784,64.680871,-163.401724
2015,442, 99785,65.334003,-166.4893899
2015,280, 99786,67.0867899,-157.859619
2015,101, 99788,66.654593,-143.721566
2015,345, 99789,70.219948949,-151.000280826
2015,20, 99790,64.557419,-149.09376
2015,159, 99791,70.481593,-157.420517
2015,30262, 99801,58.351935152,-134.537944674
2015,408, 99820,57.5001298,-134.5783042
2015,2249, 99824,58.2764192,-134.3948977
2015,100, 99825,58.159987,-135.736378
2015,496, 99826,58.412011371,-135.732331557
2015,2626, 99827,59.2927777,-135.65406563
2015,821, 99829,58.11082185,-135.4454754
2015,628, 99830,56.974077,-133.939708
2015,87, 99832,57.959351,-136.227336
2015,3221, 99833,56.806453952,-132.958754941
2015,8943, 99835,57.062977563,-135.339565655
2015,31, 99836,56.248509,-134.649466
2015,999, 99840,59.460331538,-135.312428262
2015,150, 99841,57.781251,-135.220879
2015,13717, 99901,55.36214108,-131.677405005
2015,22, 99903,55.7397974,-132.2612247
2015,162, 99918,56.011569,-132.8195749
2015,637, 99919,55.682518,-132.526113
2015,1950, 99921,55.474787697,-133.145670359
2015,277, 99922,55.207657,-132.825035
2015,13, 99923,55.91842988,-130.0269802
2015,826, 99925,55.55401105,-133.07758615
2015,1711, 99926,55.1243164,-131.5756596
2015,123, 99927,56.239062,-133.457924
2015,2365, 99929,56.471961275,-132.383417775
2015,443, 99761,67.620987,-163.057973
2015,4146, 99762,65.2575929,-167.52815595
2015,608, 99763,66.833191,-161.044335
2015,346, 99764,62.981927,-141.904303
2015,285, 99765,64.728309,-158.109543
2015,562, 99766,68.348432,-166.732242
2015,7, 99767,65.5053,-150.1704389
2015,202, 99768,65.252842,-154.23329
2015,883, 99769,63.6961535,-170.473762
2015,794, 99770,66.598803,-160.009307
2015,223, 99771,64.363986,-161.205278
2015,640, 99772,66.25705,-166.064007
2015,342, 99773,66.888979,-157.144955
2015,25, 99774,66.023707,-149.080313
2015,1346, 99775,64.858760607,-147.832024609
2015,120, 99776,63.377774,-143.362346
2015,277, 99777,65.174467,-152.04096
2015,205, 99778,65.259552,-166.345853
2015,1660, 99780,63.278621,-143.0479201
2015,177, 99781,67.0088485,-146.3653941
2015,458, 99782,70.638448,-160.030835
2015,155, 99783,65.609169,-168.090348
2015,179, 99784,64.680871,-163.401724
2015,442, 99785,65.334003,-166.4893899
2015,280, 99786,67.0867899,-157.859619
2015,101, 99788,66.654593,-143.721566
2015,345, 99789,70.219948949,-151.000280826
2015,20, 99790,64.557419,-149.09376
2015,159, 99791,70.481593,-157.420517
2015,30262, 99801,58.351935152,-134.537944674
2015,408, 99820,57.5001298,-134.5783042
2015,2249, 99824,58.2764192,-134.3948977
2015,100, 99825,58.159987,-135.736378
2015,496, 99826,58.412011371,-135.732331557
2015,2626, 99827,59.2927777,-135.65406563
2015,821, 99829,58.11082185,-135.4454754
2015,628, 99830,56.974077,-133.939708
2015,87, 99832,57.959351,-136.227336
2015,3221, 99833,56.806453952,-132.958754941
2015,8943, 99835,57.062977563,-135.339565655
2015,31, 99836,56.248509,-134.649466
2015,999, 99840,59.460331538,-135.312428262
2015,150, 99841,57.781251,-135.220879
2015,13717, 99901,55.36214108,-131.677405005
2015,22, 99903,55.7397974,-132.2612247
2015,162, 99918,56.011569,-132.8195749
2015,637, 99919,55.682518,-132.526113
2015,1950, 99921,55.474787697,-133.145670359
2015,277, 99922,55.207657,-132.825035
2015,13, 99923,55.91842988,-130.0269802
2015,826, 99925,55.55401105,-133.07758615
2015,1711, 99926,55.1243164,-131.5756596
2015,123, 99927,56.239062,-133.457924
2015,2365, 99929,56.471961275,-132.383417775
2016,17130, 99501,61.216699936,-149.887149451
2016,24253, 99502,61.147456793,-150.017930994
2016,14148, 99503,61.188158621,-149.88892875
2016,42908, 99504,61.203789014,-149.738414768
2016,6240, 99505,61.2691163,-149.6392966
2016,7094, 99506,61.246102688,-149.799659762
2016,39460, 99507,61.153952257,-149.824124843
2016,34649, 99508,61.195030203,-149.820510407
2016,362, 99510,70.101885,-149.86736
2016,0, 99513,61.2150192,-149.8846222
2016,23747, 99515,61.125514184,-149.884246833
2016,21775, 99516,61.093320386,-149.786230121
2016,17226, 99517,61.181893837,-149.917245163
2016,9872, 99518,61.160728479,-149.8795102
2016,542, 99519,69.216237,-146.787467
2016,286, 99540,60.979559,-149.4771419
2016,122, 99546,51.8680049,-176.640263
2016,51, 99547,52.20335,-174.200129
2016,71, 99548,56.253889,-158.759314
2016,73, 99549,56.923918,-158.6207499
2016,240, 99550,57.8654,-152.882373
2016,584, 99551,60.9097355,-161.4360978
2016,407, 99552,60.91029,-161.223194
2016,782, 99553,54.1333426,-165.7751048
2016,737, 99554,62.686481,-164.663686
2016,189, 99555,59.264016,-158.62444
2016,2595, 99556,59.7753125,-151.7293557
2016,693, 99557,61.261349875,-155.04415125
2016,86, 99558,62.647966,-160.20171
2016,7907, 99559,60.7994306,-161.880423367
2016,507, 99561,60.15122,-164.251364
2016,1194, 99563,61.528133,-165.58826
2016,40, 99564,56.293063,-158.404856
2016,59, 99565,56.308844,-158.534916
2016,104, 99566,61.508079188,-144.0523608
2016,9651, 99567,61.419758112,-149.432086076
2016,321, 99568,60.225717,-151.398607
2016,47, 99569,58.813633,-158.560667
2016,106, 99571,55.22099275,-162.72403825
2016,502, 99572,60.507294325,-150.137730508
2016,763, 99573,61.89971504,-145.1930184
2016,3099, 99574,60.54174002,-145.730677972
2016,65, 99575,61.863735,-158.137345
2016,2467, 99576,59.029565933,-158.523278533
2016,28317, 99577,61.314408197,-149.549971675
2016,472, 99578,60.217841,-162.028428
2016,80, 99579,58.210803,-157.375135
2016,79, 99580,59.3496662,-157.4764907
2016,808, 99581,62.776820925,-164.52530285
2016,64, 99583,54.854405,-163.416393
2016,343, 99585,61.878744,-162.085849
2016,309, 99586,62.303594967,-145.287950933
2016,2271, 99587,60.960055639,-149.128916206
2016,657, 99588,61.868795523,-145.303510831
2016,216, 99589,59.118218,-161.5889
2016,165, 99590,62.905281,-160.066002
2016,74, 99591,56.601273,-169.546544
2016,216, 99602,62.187016,-159.856068
2016,10389, 99603,59.66593717,-151.468001189
2016,1114, 99604,61.526755,-166.107675
2016,108, 99605,60.9165581,-149.624282
2016,374, 99606,59.7372676,-154.884072
2016,264, 99607,61.757492,-159.783535
2016,635, 99609,60.873839,-162.51692
2016,2010, 99610,60.351092367,-151.2799939
2016,16271, 99611,60.55607394,-151.233940165
2016,1080, 99612,55.058092329,-162.313700655
2016,400, 99613,58.97148284,-156.71258454
2016,682, 99614,59.938589,-164.037219
2016,13135, 99615,57.765947475,-152.434438812
2016,662, 99620,63.033332,-163.551424
2016,787, 99621,60.810771,-161.43384
2016,332, 99622,59.873557,-163.152607
2016,47, 99624,57.533668,-153.988133
2016,97, 99625,59.109785,-156.8651329
2016,280, 99626,61.514722,-160.359731
2016,383, 99627,62.95452295,-155.59251195
2016,787, 99628,58.975333,-159.019924
2016,191, 99630,60.387896,-166.188097
2016,354, 99631,60.517016,-149.456413
2016,838, 99632,61.3601743,-150.0082657
2016,544, 99633,58.738207,-156.966176
2016,404, 99634,60.694934,-161.983066
2016,566, 99636,59.450614,-157.318583
2016,503, 99637,60.532722,-165.108508
2016,30, 99638,52.938955,-168.861719
2016,983, 99639,60.03796785,-151.651155975
2016,191, 99640,59.967872,-154.851893
2016,642, 99641,60.8969444,-162.4594444
2016,302, 99643,57.20696,-153.297949
2016,194, 99644,57.9231482,-152.5001318
2016,28127, 99645,61.615415638,-149.116616326
2016,13, 99647,59.772581,-154.1571559
2016,94, 99648,55.911308,-159.152263
2016,63, 99649,57.56522,-157.57175
2016,600, 99650,61.939624,-162.883824
2016,28, 99651,59.011633,-161.817384
2016,3863, 99652,61.53919515,-149.973461
2016,156, 99653,60.201368,-154.317794
2016,58889, 99654,61.581825129,-149.442223577
2016,729, 99655,59.750664,-161.90377
2016,33, 99656,61.780278,-157.3344789
2016,401, 99657,61.858474,-161.381221
2016,649, 99658,62.051689,-163.183855
2016,446, 99659,63.47962,-162.031565
2016,525, 99660,57.12574905,-170.2743152
2016,1267, 99661,55.349219227,-160.482860264
2016,529, 99662,61.8417859,-165.58274815
2016,445, 99663,59.438113456,-151.7145578
2016,4467, 99664,60.148658235,-149.43832737
2016,59, 99665,62.654633,-159.529193
2016,118, 99666,62.440625,-165.145536
2016,96, 99667,61.977743,-151.209743
2016,84, 99668,61.69381,-157.173009
2016,15159, 99669,60.455468456,-151.103112304
2016,55, 99670,58.712314,-157.007467
2016,513, 99671,63.5194452,-162.2877175
2016,3569, 99672,60.5358091,-150.7611904
2016,1358, 99674,61.767814283,-148.324580167
2016,1578, 99676,62.275869071,-150.090229606
2016,132, 99677,60.865356,-146.679707
2016,845, 99678,59.0556881,-160.4253888
2016,431, 99679,61.104273,-160.937572
2016,447, 99680,60.3429941,-162.6757957
2016,315, 99681,60.5841,-165.253747
2016,464, 99682,61.08009,-151.136681
2016,398, 99683,62.315410133,-150.232025967
2016,705, 99684,63.877079,-160.792341
2016,4452, 99685,53.873766545,-166.526916927
2016,3934, 99686,61.127874045,-146.348090172
2016,2755, 99688,61.7380823,-150.0441674
2016,618, 99689,60.50594562,-143.7185025
2016,233, 99690,60.523716,-164.832582
2016,120, 99691,63.018642,-154.374007
2016,258, 99692,53.891739244,-166.540379256
2016,320, 99693,60.776188729,-148.685701753
2016,1586, 99694,61.603818,-149.760627
2016,0, 99695,55.918199,-159.493298
2016,18758, 99701,64.851828475,-147.782131617
2016,2826, 99702,64.67668125,-147.08321259
2016,7926, 99703,64.82922085,-147.6862944
2016,37, 99704,64.3265569,-149.186501
2016,23539, 99705,64.774316806,-147.385800003
2016,3, 99706,64.010439,-144.678662
2016,32355, 99709,64.845456223,-147.833722543
2016,12339, 99712,64.959038754,-147.652320133
2016,1193, 99714,64.506852692,-146.981695042
2016,178, 99720,66.556494,-152.673298
2016,273, 99721,68.1413944,-151.7359789
2016,137, 99722,68.091944,-145.604061
2016,4377, 99723,70.994752305,-156.773147816
2016,46, 99724,66.359887,-147.404091
2016,47, 99726,66.926196,-151.506653
2016,616, 99727,65.976729,-161.1268059
2016,219, 99729,63.390780275,-148.909372012
2016,45, 99730,65.649804,-145.587971
2016,0, 99732,64.0691952,-141.9403023
2016,116, 99733,65.824795,-144.063971
2016,1970, 99734,70.2140336,-148.4193829
2016,150, 99736,66.0759829,-162.724115
2016,4983, 99737,64.012363065,-145.65206851
2016,105, 99738,64.636865,-141.249598
2016,300, 99739,64.617471,-162.255381
2016,582, 99740,66.5656039,-145.251084
2016,524, 99741,64.7462003,-156.8788758
2016,690, 99742,63.777201,-171.72571
2016,1115, 99743,63.873561425,-149.067865675
2016,131, 99744,64.346936,-149.189666
2016,83, 99745,66.044161,-154.255534
2016,443, 99746,65.701841,-156.38798
2016,166, 99747,70.1264348,-143.6117578
2016,152, 99748,64.327077,-158.728778
2016,342, 99749,66.973102,-160.435057
2016,671, 99750,67.727818,-164.539675
2016,137, 99751,66.907151,-156.874805
2016,3379, 99752,67.014700475,-161.72569895
2016,261, 99753,64.935024,-161.153163
2016,79, 99754,64.882096,-157.705532
2016,619, 99755,63.702752456,-148.866213178
2016,86, 99756,65.000255,-150.636608
2016,32, 99757,63.903291,-152.250165
2016,213, 99758,65.151781,-149.372384
2016,306, 99759,69.743712,-163.009654
2016,644, 99760,64.5628352,-149.094701417
2016,403, 99761,67.620987,-163.057973
2016,4218, 99762,65.2575929,-167.52815595
2016,605, 99763,66.833191,-161.044335
2016,339, 99764,62.981927,-141.904303
2016,286, 99765,64.728309,-158.109543
2016,625, 99766,68.348432,-166.732242
2016,10, 99767,65.5053,-150.1704389
2016,214, 99768,65.252842,-154.23329
2016,932, 99769,63.6961535,-170.473762
2016,807, 99770,66.598803,-160.009307
2016,246, 99771,64.363986,-161.205278
2016,611, 99772,66.25705,-166.064007
2016,290, 99773,66.888979,-157.144955
2016,20, 99774,66.023707,-149.080313
2016,1290, 99775,64.858760607,-147.832024609
2016,157, 99776,63.377774,-143.362346
2016,279, 99777,65.174467,-152.04096
2016,206, 99778,65.259552,-166.345853
2016,1594, 99780,63.278621,-143.0479201
2016,171, 99781,67.0088485,-146.3653941
2016,488, 99782,70.638448,-160.030835
2016,166, 99783,65.609169,-168.090348
2016,168, 99784,64.680871,-163.401724
2016,417, 99785,65.334003,-166.4893899
2016,295, 99786,67.0867899,-157.859619
2016,120, 99788,66.654593,-143.721566
2016,347, 99789,70.219948949,-151.000280826
2016,7, 99790,64.557419,-149.09376
2016,167, 99791,70.481593,-157.420517
2016,30205, 99801,58.351935152,-134.537944674
2016,459, 99820,57.5001298,-134.5783042
2016,2299, 99824,58.2764192,-134.3948977
2016,70, 99825,58.159987,-135.736378
2016,472, 99826,58.412011371,-135.732331557
2016,2592, 99827,59.2927777,-135.65406563
2016,774, 99829,58.11082185,-135.4454754
2016,644, 99830,56.974077,-133.939708
2016,96, 99832,57.959351,-136.227336
2016,3196, 99833,56.806453952,-132.958754941
2016,8921, 99835,57.062977563,-135.339565655
2016,42, 99836,56.248509,-134.649466
2016,1014, 99840,59.460331538,-135.312428262
2016,172, 99841,57.781251,-135.220879
2016,13745, 99901,55.36214108,-131.677405005
2016,16, 99903,55.7397974,-132.2612247
2016,193, 99918,56.011569,-132.8195749
2016,718, 99919,55.682518,-132.526113
2016,1800, 99921,55.474787697,-133.145670359
2016,291, 99922,55.207657,-132.825035
2016,0, 99923,55.91842988,-130.0269802
2016,908, 99925,55.55401105,-133.07758615
2016,1667, 99926,55.1243164,-131.5756596
2016,81, 99927,56.239062,-133.457924
2016,2385, 99929,56.471961275,-132.383417775
2016,403, 99761,67.620987,-163.057973
2016,4218, 99762,65.2575929,-167.52815595
2016,605, 99763,66.833191,-161.044335
2016,339, 99764,62.981927,-141.904303
2016,286, 99765,64.728309,-158.109543
2016,625, 99766,68.348432,-166.732242
2016,10, 99767,65.5053,-150.1704389
2016,214, 99768,65.252842,-154.23329
2016,932, 99769,63.6961535,-170.473762
2016,807, 99770,66.598803,-160.009307
2016,246, 99771,64.363986,-161.205278
2016,611, 99772,66.25705,-166.064007
2016,290, 99773,66.888979,-157.144955
2016,20, 99774,66.023707,-149.080313
2016,1290, 99775,64.858760607,-147.832024609
2016,157, 99776,63.377774,-143.362346
2016,279, 99777,65.174467,-152.04096
2016,206, 99778,65.259552,-166.345853
2016,1594, 99780,63.278621,-143.0479201
2016,171, 99781,67.0088485,-146.3653941
2016,488, 99782,70.638448,-160.030835
2016,166, 99783,65.609169,-168.090348
2016,168, 99784,64.680871,-163.401724
2016,417, 99785,65.334003,-166.4893899
2016,295, 99786,67.0867899,-157.859619
2016,120, 99788,66.654593,-143.721566
2016,347, 99789,70.219948949,-151.000280826
2016,7, 99790,64.557419,-149.09376
2016,167, 99791,70.481593,-157.420517
2016,30205, 99801,58.351935152,-134.537944674
2016,459, 99820,57.5001298,-134.5783042
2016,2299, 99824,58.2764192,-134.3948977
2016,70, 99825,58.159987,-135.736378
2016,472, 99826,58.412011371,-135.732331557
2016,2592, 99827,59.2927777,-135.65406563
2016,774, 99829,58.11082185,-135.4454754
2016,644, 99830,56.974077,-133.939708
2016,96, 99832,57.959351,-136.227336
2016,3196, 99833,56.806453952,-132.958754941
2016,8921, 99835,57.062977563,-135.339565655
2016,42, 99836,56.248509,-134.649466
2016,1014, 99840,59.460331538,-135.312428262
2016,172, 99841,57.781251,-135.220879
2016,13745, 99901,55.36214108,-131.677405005
2016,16, 99903,55.7397974,-132.2612247
2016,193, 99918,56.011569,-132.8195749
2016,718, 99919,55.682518,-132.526113
2016,1800, 99921,55.474787697,-133.145670359
2016,291, 99922,55.207657,-132.825035
2016,0, 99923,55.91842988,-130.0269802
2016,908, 99925,55.55401105,-133.07758615
2016,1667, 99926,55.1243164,-131.5756596
2016,81, 99927,56.239062,-133.457924
2016,2385, 99929,56.471961275,-132.383417775
2017,17084, 99501,61.216699936,-149.887149451
2017,24505, 99502,61.147456793,-150.017930994
2017,13668, 99503,61.188158621,-149.88892875
2017,42161, 99504,61.203789014,-149.738414768
2017,6477, 99505,61.2691163,-149.6392966
2017,7255, 99506,61.246102688,-149.799659762
2017,38739, 99507,61.153952257,-149.824124843
2017,35564, 99508,61.195030203,-149.820510407
2017,689, 99510,70.101885,-149.86736
2017,0, 99513,61.2150192,-149.8846222
2017,24207, 99515,61.125514184,-149.884246833
2017,21544, 99516,61.093320386,-149.786230121
2017,17014, 99517,61.181893837,-149.917245163
2017,10077, 99518,61.160728479,-149.8795102
2017,508, 99519,69.216237,-146.787467
2017,289, 99540,60.979559,-149.4771419
2017,130, 99546,51.8680049,-176.640263
2017,51, 99547,52.20335,-174.200129
2017,57, 99548,56.253889,-158.759314
2017,60, 99549,56.923918,-158.6207499
2017,214, 99550,57.8654,-152.882373
2017,609, 99551,60.9097355,-161.4360978
2017,397, 99552,60.91029,-161.223194
2017,801, 99553,54.1333426,-165.7751048
2017,735, 99554,62.686481,-164.663686
2017,190, 99555,59.264016,-158.62444
2017,2615, 99556,59.7753125,-151.7293557
2017,668, 99557,61.261349875,-155.04415125
2017,91, 99558,62.647966,-160.20171
2017,7901, 99559,60.7994306,-161.880423367
2017,459, 99561,60.15122,-164.251364
2017,1271, 99563,61.528133,-165.58826
2017,35, 99564,56.293063,-158.404856
2017,63, 99565,56.308844,-158.534916
2017,92, 99566,61.508079188,-144.0523608
2017,9011, 99567,61.419758112,-149.432086076
2017,281, 99568,60.225717,-151.398607
2017,53, 99569,58.813633,-158.560667
2017,110, 99571,55.22099275,-162.72403825
2017,581, 99572,60.507294325,-150.137730508
2017,640, 99573,61.89971504,-145.1930184
2017,3218, 99574,60.54174002,-145.730677972
2017,90, 99575,61.863735,-158.137345
2017,2427, 99576,59.029565933,-158.523278533
2017,28210, 99577,61.314408197,-149.549971675
2017,497, 99578,60.217841,-162.028428
2017,69, 99579,58.210803,-157.375135
2017,88, 99580,59.3496662,-157.4764907
2017,763, 99581,62.776820925,-164.52530285
2017,68, 99583,54.854405,-163.416393
2017,337, 99585,61.878744,-162.085849
2017,188, 99586,62.303594967,-145.287950933
2017,2233, 99587,60.960055639,-149.128916206
2017,618, 99588,61.868795523,-145.303510831
2017,210, 99589,59.118218,-161.5889
2017,165, 99590,62.905281,-160.066002
2017,85, 99591,56.601273,-169.546544
2017,202, 99602,62.187016,-159.856068
2017,10332, 99603,59.66593717,-151.468001189
2017,1153, 99604,61.526755,-166.107675
2017,50, 99605,60.9165581,-149.624282
2017,328, 99606,59.7372676,-154.884072
2017,255, 99607,61.757492,-159.783535
2017,655, 99609,60.873839,-162.51692
2017,2055, 99610,60.351092367,-151.2799939
2017,16208, 99611,60.55607394,-151.233940165
2017,1003, 99612,55.058092329,-162.313700655
2017,414, 99613,58.97148284,-156.71258454
2017,659, 99614,59.938589,-164.037219
2017,13041, 99615,57.765947475,-152.434438812
2017,726, 99620,63.033332,-163.551424
2017,705, 99621,60.810771,-161.43384
2017,349, 99622,59.873557,-163.152607
2017,42, 99624,57.533668,-153.988133
2017,95, 99625,59.109785,-156.8651329
2017,322, 99626,61.514722,-160.359731
2017,360, 99627,62.95452295,-155.59251195
2017,818, 99628,58.975333,-159.019924
2017,217, 99630,60.387896,-166.188097
2017,282, 99631,60.517016,-149.456413
2017,820, 99632,61.3601743,-150.0082657
2017,509, 99633,58.738207,-156.966176
2017,389, 99634,60.694934,-161.983066
2017,566, 99636,59.450614,-157.318583
2017,527, 99637,60.532722,-165.108508
2017,25, 99638,52.938955,-168.861719
2017,992, 99639,60.03796785,-151.651155975
2017,154, 99640,59.967872,-154.851893
2017,726, 99641,60.8969444,-162.4594444
2017,290, 99643,57.20696,-153.297949
2017,186, 99644,57.9231482,-152.5001318
2017,29293, 99645,61.615415638,-149.116616326
2017,18, 99647,59.772581,-154.1571559
2017,98, 99648,55.911308,-159.152263
2017,69, 99649,57.56522,-157.57175
2017,636, 99650,61.939624,-162.883824
2017,15, 99651,59.011633,-161.817384
2017,3494, 99652,61.53919515,-149.973461
2017,157, 99653,60.201368,-154.317794
2017,60641, 99654,61.581825129,-149.442223577
2017,763, 99655,59.750664,-161.90377
2017,21, 99656,61.780278,-157.3344789
2017,348, 99657,61.858474,-161.381221
2017,663, 99658,62.051689,-163.183855
2017,441, 99659,63.47962,-162.031565
2017,480, 99660,57.12574905,-170.2743152
2017,1356, 99661,55.349219227,-160.482860264
2017,543, 99662,61.8417859,-165.58274815
2017,436, 99663,59.438113456,-151.7145578
2017,4735, 99664,60.148658235,-149.43832737
2017,63, 99665,62.654633,-159.529193
2017,134, 99666,62.440625,-165.145536
2017,108, 99667,61.977743,-151.209743
2017,85, 99668,61.69381,-157.173009
2017,15516, 99669,60.455468456,-151.103112304
2017,47, 99670,58.712314,-157.007467
2017,500, 99671,63.5194452,-162.2877175
2017,3400, 99672,60.5358091,-150.7611904
2017,1452, 99674,61.767814283,-148.324580167
2017,1412, 99676,62.275869071,-150.090229606
2017,121, 99677,60.865356,-146.679707
2017,832, 99678,59.0556881,-160.4253888
2017,434, 99679,61.104273,-160.937572
2017,477, 99680,60.3429941,-162.6757957
2017,301, 99681,60.5841,-165.253747
2017,478, 99682,61.08009,-151.136681
2017,453, 99683,62.315410133,-150.232025967
2017,695, 99684,63.877079,-160.792341
2017,4563, 99685,53.873766545,-166.526916927
2017,3925, 99686,61.127874045,-146.348090172
2017,2614, 99688,61.7380823,-150.0441674
2017,653, 99689,60.50594562,-143.7185025
2017,212, 99690,60.523716,-164.832582
2017,123, 99691,63.018642,-154.374007
2017,246, 99692,53.891739244,-166.540379256
2017,448, 99693,60.776188729,-148.685701753
2017,1633, 99694,61.603818,-149.760627
2017,0, 99695,55.918199,-159.493298
2017,17608, 99701,64.851828475,-147.782131617
2017,3025, 99702,64.67668125,-147.08321259
2017,8415, 99703,64.82922085,-147.6862944
2017,30, 99704,64.3265569,-149.186501
2017,22804, 99705,64.774316806,-147.385800003
2017,4, 99706,64.010439,-144.678662
2017,31767, 99709,64.845456223,-147.833722543
2017,13918, 99712,64.959038754,-147.652320133
2017,1201, 99714,64.506852692,-146.981695042
2017,186, 99720,66.556494,-152.673298
2017,290, 99721,68.1413944,-151.7359789
2017,167, 99722,68.091944,-145.604061
2017,4444, 99723,70.994752305,-156.773147816
2017,54, 99724,66.359887,-147.404091
2017,83, 99726,66.926196,-151.506653
2017,627, 99727,65.976729,-161.1268059
2017,220, 99729,63.390780275,-148.909372012
2017,52, 99730,65.649804,-145.587971
2017,12, 99732,64.0691952,-141.9403023
2017,108, 99733,65.824795,-144.063971
2017,1624, 99734,70.2140336,-148.4193829
2017,152, 99736,66.0759829,-162.724115
2017,4913, 99737,64.012363065,-145.65206851
2017,99, 99738,64.636865,-141.249598
2017,296, 99739,64.617471,-162.255381
2017,560, 99740,66.5656039,-145.251084
2017,473, 99741,64.7462003,-156.8788758
2017,693, 99742,63.777201,-171.72571
2017,1106, 99743,63.873561425,-149.067865675
2017,113, 99744,64.346936,-149.189666
2017,77, 99745,66.044161,-154.255534
2017,404, 99746,65.701841,-156.38798
2017,181, 99747,70.1264348,-143.6117578
2017,165, 99748,64.327077,-158.728778
2017,329, 99749,66.973102,-160.435057
2017,678, 99750,67.727818,-164.539675
2017,152, 99751,66.907151,-156.874805
2017,3355, 99752,67.014700475,-161.72569895
2017,248, 99753,64.935024,-161.153163
2017,54, 99754,64.882096,-157.705532
2017,834, 99755,63.702752456,-148.866213178
2017,80, 99756,65.000255,-150.636608
2017,20, 99757,63.903291,-152.250165
2017,223, 99758,65.151781,-149.372384
2017,273, 99759,69.743712,-163.009654
2017,622, 99760,64.5628352,-149.094701417
2017,424, 99761,67.620987,-163.057973
2017,4208, 99762,65.2575929,-167.52815595
2017,579, 99763,66.833191,-161.044335
2017,316, 99764,62.981927,-141.904303
2017,276, 99765,64.728309,-158.109543
2017,668, 99766,68.348432,-166.732242
2017,36, 99767,65.5053,-150.1704389
2017,188, 99768,65.252842,-154.23329
2017,932, 99769,63.6961535,-170.473762
2017,813, 99770,66.598803,-160.009307
2017,282, 99771,64.363986,-161.205278
2017,594, 99772,66.25705,-166.064007
2017,280, 99773,66.888979,-157.144955
2017,10, 99774,66.023707,-149.080313
2017,1386, 99775,64.858760607,-147.832024609
2017,128, 99776,63.377774,-143.362346
2017,243, 99777,65.174467,-152.04096
2017,227, 99778,65.259552,-166.345853
2017,1617, 99780,63.278621,-143.0479201
2017,164, 99781,67.0088485,-146.3653941
2017,513, 99782,70.638448,-160.030835
2017,159, 99783,65.609169,-168.090348
2017,173, 99784,64.680871,-163.401724
2017,421, 99785,65.334003,-166.4893899
2017,299, 99786,67.0867899,-157.859619
2017,119, 99788,66.654593,-143.721566
2017,395, 99789,70.219948949,-151.000280826
2017,7, 99790,64.557419,-149.09376
2017,172, 99791,70.481593,-157.420517
2017,30179, 99801,58.351935152,-134.537944674
2017,540, 99820,57.5001298,-134.5783042
2017,2255, 99824,58.2764192,-134.3948977
2017,89, 99825,58.159987,-135.736378
2017,386, 99826,58.412011371,-135.732331557
2017,2599, 99827,59.2927777,-135.65406563
2017,828, 99829,58.11082185,-135.4454754
2017,635, 99830,56.974077,-133.939708
2017,94, 99832,57.959351,-136.227336
2017,3275, 99833,56.806453952,-132.958754941
2017,8810, 99835,57.062977563,-135.339565655
2017,60, 99836,56.248509,-134.649466
2017,1038, 99840,59.460331538,-135.312428262
2017,147, 99841,57.781251,-135.220879
2017,13768, 99901,55.36214108,-131.677405005
2017,20, 99903,55.7397974,-132.2612247
2017,174, 99918,56.011569,-132.8195749
2017,660, 99919,55.682518,-132.526113
2017,1971, 99921,55.474787697,-133.145670359
2017,306, 99922,55.207657,-132.825035
2017,0, 99923,55.91842988,-130.0269802
2017,901, 99925,55.55401105,-133.07758615
2017,1684, 99926,55.1243164,-131.5756596
2017,59, 99927,56.239062,-133.457924
2017,2455, 99929,56.471961275,-132.383417775
2017,424, 99761,67.620987,-163.057973
2017,4208, 99762,65.2575929,-167.52815595
2017,579, 99763,66.833191,-161.044335
2017,316, 99764,62.981927,-141.904303
2017,276, 99765,64.728309,-158.109543
2017,668, 99766,68.348432,-166.732242
2017,36, 99767,65.5053,-150.1704389
2017,188, 99768,65.252842,-154.23329
2017,932, 99769,63.6961535,-170.473762
2017,813, 99770,66.598803,-160.009307
2017,282, 99771,64.363986,-161.205278
2017,594, 99772,66.25705,-166.064007
2017,280, 99773,66.888979,-157.144955
2017,10, 99774,66.023707,-149.080313
2017,1386, 99775,64.858760607,-147.832024609
2017,128, 99776,63.377774,-143.362346
2017,243, 99777,65.174467,-152.04096
2017,227, 99778,65.259552,-166.345853
2017,1617, 99780,63.278621,-143.0479201
2017,164, 99781,67.0088485,-146.3653941
2017,513, 99782,70.638448,-160.030835
2017,159, 99783,65.609169,-168.090348
2017,173, 99784,64.680871,-163.401724
2017,421, 99785,65.334003,-166.4893899
2017,299, 99786,67.0867899,-157.859619
2017,119, 99788,66.654593,-143.721566
2017,395, 99789,70.219948949,-151.000280826
2017,7, 99790,64.557419,-149.09376
2017,172, 99791,70.481593,-157.420517
2017,30179, 99801,58.351935152,-134.537944674
2017,540, 99820,57.5001298,-134.5783042
2017,2255, 99824,58.2764192,-134.3948977
2017,89, 99825,58.159987,-135.736378
2017,386, 99826,58.412011371,-135.732331557
2017,2599, 99827,59.2927777,-135.65406563
2017,828, 99829,58.11082185,-135.4454754
2017,635, 99830,56.974077,-133.939708
2017,94, 99832,57.959351,-136.227336
2017,3275, 99833,56.806453952,-132.958754941
2017,8810, 99835,57.062977563,-135.339565655
2017,60, 99836,56.248509,-134.649466
2017,1038, 99840,59.460331538,-135.312428262
2017,147, 99841,57.781251,-135.220879
2017,13768, 99901,55.36214108,-131.677405005
2017,20, 99903,55.7397974,-132.2612247
2017,174, 99918,56.011569,-132.8195749
2017,660, 99919,55.682518,-132.526113
2017,1971, 99921,55.474787697,-133.145670359
2017,306, 99922,55.207657,-132.825035
2017,0, 99923,55.91842988,-130.0269802
2017,901, 99925,55.55401105,-133.07758615
2017,1684, 99926,55.1243164,-131.5756596
2017,59, 99927,56.239062,-133.457924
2017,2455, 99929,56.471961275,-132.383417775
2018,17058, 99501,61.216699936,-149.887149451
2018,24671, 99502,61.147456793,-150.017930994
2018,13221, 99503,61.188158621,-149.88892875
2018,42504, 99504,61.203789014,-149.738414768
2018,6330, 99505,61.2691163,-149.6392966
2018,7029, 99506,61.246102688,-149.799659762
2018,38424, 99507,61.153952257,-149.824124843
2018,35605, 99508,61.195030203,-149.820510407
2018,949, 99510,70.101885,-149.86736
2018,0, 99513,61.2150192,-149.8846222
2018,23402, 99515,61.125514184,-149.884246833
2018,20965, 99516,61.093320386,-149.786230121
2018,16405, 99517,61.181893837,-149.917245163
2018,10450, 99518,61.160728479,-149.8795102
2018,469, 99519,69.216237,-146.787467
2018,284, 99540,60.979559,-149.4771419
2018,203, 99546,51.8680049,-176.640263
2018,35, 99547,52.20335,-174.200129
2018,51, 99548,56.253889,-158.759314
2018,78, 99549,56.923918,-158.6207499
2018,190, 99550,57.8654,-152.882373
2018,567, 99551,60.9097355,-161.4360978
2018,416, 99552,60.91029,-161.223194
2018,758, 99553,54.1333426,-165.7751048
2018,837, 99554,62.686481,-164.663686
2018,204, 99555,59.264016,-158.62444
2018,2640, 99556,59.7753125,-151.7293557
2018,698, 99557,61.261349875,-155.04415125
2018,104, 99558,62.647966,-160.20171
2018,7888, 99559,60.7994306,-161.880423367
2018,501, 99561,60.15122,-164.251364
2018,1144, 99563,61.528133,-165.58826
2018,61, 99564,56.293063,-158.404856
2018,75, 99565,56.308844,-158.534916
2018,98, 99566,61.508079188,-144.0523608
2018,9181, 99567,61.419758112,-149.432086076
2018,315, 99568,60.225717,-151.398607
2018,48, 99569,58.813633,-158.560667
2018,126, 99571,55.22099275,-162.72403825
2018,580, 99572,60.507294325,-150.137730508
2018,540, 99573,61.89971504,-145.1930184
2018,3111, 99574,60.54174002,-145.730677972
2018,90, 99575,61.863735,-158.137345
2018,2494, 99576,59.029565933,-158.523278533
2018,28308, 99577,61.314408197,-149.549971675
2018,518, 99578,60.217841,-162.028428
2018,83, 99579,58.210803,-157.375135
2018,80, 99580,59.3496662,-157.4764907
2018,761, 99581,62.776820925,-164.52530285
2018,78, 99583,54.854405,-163.416393
2018,299, 99585,61.878744,-162.085849
2018,302, 99586,62.303594967,-145.287950933
2018,2065, 99587,60.960055639,-149.128916206
2018,803, 99588,61.868795523,-145.303510831
2018,192, 99589,59.118218,-161.5889
2018,176, 99590,62.905281,-160.066002
2018,78, 99591,56.601273,-169.546544
2018,183, 99602,62.187016,-159.856068
2018,10509, 99603,59.66593717,-151.468001189
2018,1101, 99604,61.526755,-166.107675
2018,95, 99605,60.9165581,-149.624282
2018,334, 99606,59.7372676,-154.884072
2018,222, 99607,61.757492,-159.783535
2018,574, 99609,60.873839,-162.51692
2018,1899, 99610,60.351092367,-151.2799939
2018,15657, 99611,60.55607394,-151.233940165
2018,1074, 99612,55.058092329,-162.313700655
2018,455, 99613,58.97148284,-156.71258454
2018,613, 99614,59.938589,-164.037219
2018,12971, 99615,57.765947475,-152.434438812
2018,811, 99620,63.033332,-163.551424
2018,653, 99621,60.810771,-161.43384
2018,379, 99622,59.873557,-163.152607
2018,52, 99624,57.533668,-153.988133
2018,76, 99625,59.109785,-156.8651329
2018,283, 99626,61.514722,-160.359731
2018,308, 99627,62.95452295,-155.59251195
2018,824, 99628,58.975333,-159.019924
2018,226, 99630,60.387896,-166.188097
2018,357, 99631,60.517016,-149.456413
2018,828, 99632,61.3601743,-150.0082657
2018,464, 99633,58.738207,-156.966176
2018,392, 99634,60.694934,-161.983066
2018,557, 99636,59.450614,-157.318583
2018,527, 99637,60.532722,-165.108508
2018,26, 99638,52.938955,-168.861719
2018,1036, 99639,60.03796785,-151.651155975
2018,151, 99640,59.967872,-154.851893
2018,869, 99641,60.8969444,-162.4594444
2018,249, 99643,57.20696,-153.297949
2018,187, 99644,57.9231482,-152.5001318
2018,30450, 99645,61.615415638,-149.116616326
2018,20, 99647,59.772581,-154.1571559
2018,86, 99648,55.911308,-159.152263
2018,91, 99649,57.56522,-157.57175
2018,576, 99650,61.939624,-162.883824
2018,13, 99651,59.011633,-161.817384
2018,3183, 99652,61.53919515,-149.973461
2018,151, 99653,60.201368,-154.317794
2018,62135, 99654,61.581825129,-149.442223577
2018,796, 99655,59.750664,-161.90377
2018,21, 99656,61.780278,-157.3344789
2018,318, 99657,61.858474,-161.381221
2018,762, 99658,62.051689,-163.183855
2018,468, 99659,63.47962,-162.031565
2018,425, 99660,57.12574905,-170.2743152
2018,1389, 99661,55.349219227,-160.482860264
2018,594, 99662,61.8417859,-165.58274815
2018,390, 99663,59.438113456,-151.7145578
2018,4575, 99664,60.148658235,-149.43832737
2018,75, 99665,62.654633,-159.529193
2018,167, 99666,62.440625,-165.145536
2018,86, 99667,61.977743,-151.209743
2018,83, 99668,61.69381,-157.173009
2018,16249, 99669,60.455468456,-151.103112304
2018,41, 99670,58.712314,-157.007467
2018,473, 99671,63.5194452,-162.2877175
2018,3435, 99672,60.5358091,-150.7611904
2018,1444, 99674,61.767814283,-148.324580167
2018,1353, 99676,62.275869071,-150.090229606
2018,78, 99677,60.865356,-146.679707
2018,768, 99678,59.0556881,-160.4253888
2018,415, 99679,61.104273,-160.937572
2018,566, 99680,60.3429941,-162.6757957
2018,339, 99681,60.5841,-165.253747
2018,483, 99682,61.08009,-151.136681
2018,447, 99683,62.315410133,-150.232025967
2018,702, 99684,63.877079,-160.792341
2018,4566, 99685,53.873766545,-166.526916927
2018,3870, 99686,61.127874045,-146.348090172
2018,2624, 99688,61.7380823,-150.0441674
2018,665, 99689,60.50594562,-143.7185025
2018,189, 99690,60.523716,-164.832582
2018,114, 99691,63.018642,-154.374007
2018,215, 99692,53.891739244,-166.540379256
2018,313, 99693,60.776188729,-148.685701753
2018,1705, 99694,61.603818,-149.760627
2018,0, 99695,55.918199,-159.493298
2018,17510, 99701,64.851828475,-147.782131617
2018,3006, 99702,64.67668125,-147.08321259
2018,8859, 99703,64.82922085,-147.6862944
2018,39, 99704,64.3265569,-149.186501
2018,22944, 99705,64.774316806,-147.385800003
2018,4, 99706,64.010439,-144.678662
2018,30428, 99709,64.845456223,-147.833722543
2018,14489, 99712,64.959038754,-147.652320133
2018,1204, 99714,64.506852692,-146.981695042
2018,174, 99720,66.556494,-152.673298
2018,265, 99721,68.1413944,-151.7359789
2018,153, 99722,68.091944,-145.604061
2018,4452, 99723,70.994752305,-156.773147816
2018,46, 99724,66.359887,-147.404091
2018,77, 99726,66.926196,-151.506653
2018,608, 99727,65.976729,-161.1268059
2018,202, 99729,63.390780275,-148.909372012
2018,49, 99730,65.649804,-145.587971
2018,13, 99732,64.0691952,-141.9403023
2018,74, 99733,65.824795,-144.063971
2018,1458, 99734,70.2140336,-148.4193829
2018,154, 99736,66.0759829,-162.724115
2018,4821, 99737,64.012363065,-145.65206851
2018,103, 99738,64.636865,-141.249598
2018,303, 99739,64.617471,-162.255381
2018,533, 99740,66.5656039,-145.251084
2018,510, 99741,64.7462003,-156.8788758
2018,601, 99742,63.777201,-171.72571
2018,1041, 99743,63.873561425,-149.067865675
2018,98, 99744,64.346936,-149.189666
2018,90, 99745,66.044161,-154.255534
2018,404, 99746,65.701841,-156.38798
2018,178, 99747,70.1264348,-143.6117578
2018,172, 99748,64.327077,-158.728778
2018,299, 99749,66.973102,-160.435057
2018,688, 99750,67.727818,-164.539675
2018,143, 99751,66.907151,-156.874805
2018,3370, 99752,67.014700475,-161.72569895
2018,271, 99753,64.935024,-161.153163
2018,62, 99754,64.882096,-157.705532
2018,856, 99755,63.702752456,-148.866213178
2018,83, 99756,65.000255,-150.636608
2018,14, 99757,63.903291,-152.250165
2018,229, 99758,65.151781,-149.372384
2018,251, 99759,69.743712,-163.009654
2018,605, 99760,64.5628352,-149.094701417
2018,422, 99761,67.620987,-163.057973
2018,4307, 99762,65.2575929,-167.52815595
2018,597, 99763,66.833191,-161.044335
2018,439, 99764,62.981927,-141.904303
2018,257, 99765,64.728309,-158.109543
2018,625, 99766,68.348432,-166.732242
2018,60, 99767,65.5053,-150.1704389
2018,207, 99768,65.252842,-154.23329
2018,921, 99769,63.6961535,-170.473762
2018,839, 99770,66.598803,-160.009307
2018,294, 99771,64.363986,-161.205278
2018,597, 99772,66.25705,-166.064007
2018,288, 99773,66.888979,-157.144955
2018,11, 99774,66.023707,-149.080313
2018,1358, 99775,64.858760607,-147.832024609
2018,141, 99776,63.377774,-143.362346
2018,242, 99777,65.174467,-152.04096
2018,225, 99778,65.259552,-166.345853
2018,1559, 99780,63.278621,-143.0479201
2018,141, 99781,67.0088485,-146.3653941
2018,508, 99782,70.638448,-160.030835
2018,170, 99783,65.609169,-168.090348
2018,186, 99784,64.680871,-163.401724
2018,407, 99785,65.334003,-166.4893899
2018,299, 99786,67.0867899,-157.859619
2018,115, 99788,66.654593,-143.721566
2018,469, 99789,70.219948949,-151.000280826
2018,10, 99790,64.557419,-149.09376
2018,164, 99791,70.481593,-157.420517
2018,30106, 99801,58.351935152,-134.537944674
2018,527, 99820,57.5001298,-134.5783042
2018,2224, 99824,58.2764192,-134.3948977
2018,63, 99825,58.159987,-135.736378
2018,416, 99826,58.412011371,-135.732331557
2018,2565, 99827,59.2927777,-135.65406563
2018,800, 99829,58.11082185,-135.4454754
2018,595, 99830,56.974077,-133.939708
2018,124, 99832,57.959351,-136.227336
2018,3255, 99833,56.806453952,-132.958754941
2018,8738, 99835,57.062977563,-135.339565655
2018,97, 99836,56.248509,-134.649466
2018,1061, 99840,59.460331538,-135.312428262
2018,155, 99841,57.781251,-135.220879
2018,13818, 99901,55.36214108,-131.677405005
2018,0, 99903,55.7397974,-132.2612247
2018,148, 99918,56.011569,-132.8195749
2018,689, 99919,55.682518,-132.526113
2018,1986, 99921,55.474787697,-133.145670359
2018,330, 99922,55.207657,-132.825035
2018,15, 99923,55.91842988,-130.0269802
2018,927, 99925,55.55401105,-133.07758615
2018,1635, 99926,55.1243164,-131.5756596
2018,38, 99927,56.239062,-133.457924
2018,2484, 99929,56.471961275,-132.383417775
2018,422, 99761,67.620987,-163.057973
2018,4307, 99762,65.2575929,-167.52815595
2018,597, 99763,66.833191,-161.044335
2018,439, 99764,62.981927,-141.904303
2018,257, 99765,64.728309,-158.109543
2018,625, 99766,68.348432,-166.732242
2018,60, 99767,65.5053,-150.1704389
2018,207, 99768,65.252842,-154.23329
2018,921, 99769,63.6961535,-170.473762
2018,839, 99770,66.598803,-160.009307
2018,294, 99771,64.363986,-161.205278
2018,597, 99772,66.25705,-166.064007
2018,288, 99773,66.888979,-157.144955
2018,11, 99774,66.023707,-149.080313
2018,1358, 99775,64.858760607,-147.832024609
2018,141, 99776,63.377774,-143.362346
2018,242, 99777,65.174467,-152.04096
2018,225, 99778,65.259552,-166.345853
2018,1559, 99780,63.278621,-143.0479201
2018,141, 99781,67.0088485,-146.3653941
2018,508, 99782,70.638448,-160.030835
2018,170, 99783,65.609169,-168.090348
2018,186, 99784,64.680871,-163.401724
2018,407, 99785,65.334003,-166.4893899
2018,299, 99786,67.0867899,-157.859619
2018,115, 99788,66.654593,-143.721566
2018,469, 99789,70.219948949,-151.000280826
2018,10, 99790,64.557419,-149.09376
2018,164, 99791,70.481593,-157.420517
2018,30106, 99801,58.351935152,-134.537944674
2018,527, 99820,57.5001298,-134.5783042
2018,2224, 99824,58.2764192,-134.3948977
2018,63, 99825,58.159987,-135.736378
2018,416, 99826,58.412011371,-135.732331557
2018,2565, 99827,59.2927777,-135.65406563
2018,800, 99829,58.11082185,-135.4454754
2018,595, 99830,56.974077,-133.939708
2018,124, 99832,57.959351,-136.227336
2018,3255, 99833,56.806453952,-132.958754941
2018,8738, 99835,57.062977563,-135.339565655
2018,97, 99836,56.248509,-134.649466
2018,1061, 99840,59.460331538,-135.312428262
2018,155, 99841,57.781251,-135.220879
2018,13818, 99901,55.36214108,-131.677405005
2018,0, 99903,55.7397974,-132.2612247
2018,148, 99918,56.011569,-132.8195749
2018,689, 99919,55.682518,-132.526113
2018,1986, 99921,55.474787697,-133.145670359
2018,330, 99922,55.207657,-132.825035
2018,15, 99923,55.91842988,-130.0269802
2018,927, 99925,55.55401105,-133.07758615
2018,1635, 99926,55.1243164,-131.5756596
2018,38, 99927,56.239062,-133.457924
2018,2484, 99929,56.471961275,-132.383417775
